lga,district_area,postalcode,town
Afijio,Akinmorin / Jobele,211102,Aba Ibadan
Afijio,Akinmorin / Jobele,211102,Aba Kasia
Afijio,Akinmorin / Jobele,211102,Akinmorin
Afijio,Akinmorin / Jobele,211102,Alapadi
Afijio,Akinmorin / Jobele,211102,Anfelerin
Afijio,Akinmorin / Jobele,211102,Bali
Afijio,Akinmorin / Jobele,211102,Basi
Afijio,Akinmorin / Jobele,211102,Ekewa
Afijio,Akinmorin / Jobele,211102,Eleko
Afijio,Akinmorin / Jobele,211102,Elepe
Afijio,Akinmorin / Jobele,211102,Elesu
Afijio,Akinmorin / Jobele,211102,Elewebe
Afijio,Akinmorin / Jobele,211102,Fadare
Afijio,Akinmorin / Jobele,211102,Idiito
Afijio,Akinmorin / Jobele,211102,Ijefon
Afijio,Akinmorin / Jobele,211102,Ile Olufi
Afijio,Akinmorin / Jobele,211102,Imeleke
Afijio,Akinmorin / Jobele,211102,Iseke
Afijio,Akinmorin / Jobele,211102,Jagun
Afijio,Akinmorin / Jobele,211102,Jobele
Afijio,Akinmorin / Jobele,211102,Jokan
Afijio,Akinmorin / Jobele,211102,Kolobo
Afijio,Akinmorin / Jobele,211102,Lanipekun
Afijio,Akinmorin / Jobele,211102,Lapiti
Afijio,Akinmorin / Jobele,211102,Oke
Afijio,Akinmorin / Jobele,211102,Olokiti
Afijio,Akinmorin / Jobele,211102,Oniyanrin
Afijio,Akinmorin / Jobele,211102,Sulu
Afijio,Awe,211106,Aba Bara
Afijio,Awe,211106,Aba Ogunremi
Afijio,Awe,211106,Aba Olori
Afijio,Awe,211106,Aiyekale
Afijio,Awe,211106,Ajegunle
Afijio,Awe,211106,Apaara
Afijio,Awe,211106,Asipa
Afijio,Awe,211106,Awe
Afijio,Awe,211106,Emiabata
Afijio,Awe,211106,Idi Agbon
Afijio,Awe,211106,Idi Orpa
Afijio,Awe,211106,Idimangoro
Afijio,Awe,211106,Ijado
Afijio,Awe,211106,Isale Apata
Afijio,Awe,211106,Jabata
Afijio,Awe,211106,Kiyesemi
Afijio,Awe,211106,Kosobo
Afijio,Awe,211106,Laraniyi
Afijio,Awe,211106,Moromipin
Afijio,Awe,211106,Olukolu
Afijio,Awe,211106,Oluode
Afijio,Awe,211106,Onfunfun
Afijio,Fiditi,211104,Adekunfe
Afijio,Fiditi,211104,Agbaakin
Afijio,Fiditi,211104,Bello
Afijio,Fiditi,211104,Dakeja
Afijio,Fiditi,211104,Egbejoda
Afijio,Fiditi,211104,Fiditi
Afijio,Fiditi,211104,Idowu Oko
Afijio,Fiditi,211104,Ijaiye Ojutaye
Afijio,Fiditi,211104,Irepodun Village
Afijio,Fiditi,211104,Modeni
Afijio,Ilora/Oluwa-Tedo,211105,Abeodo
Afijio,Ilora/Oluwa-Tedo,211105,Aburumaku
Afijio,Ilora/Oluwa-Tedo,211105,Agbonrin
Afijio,Ilora/Oluwa-Tedo,211105,Ago Fulani
Afijio,Ilora/Oluwa-Tedo,211105,Agunbiade
Afijio,Ilora/Oluwa-Tedo,211105,Ajuwon
Afijio,Ilora/Oluwa-Tedo,211105,Akee
Afijio,Ilora/Oluwa-Tedo,211105,Akesapon
Afijio,Ilora/Oluwa-Tedo,211105,Akinpelu
Afijio,Ilora/Oluwa-Tedo,211105,Akodudu
Afijio,Ilora/Oluwa-Tedo,211105,Akuo
Afijio,Ilora/Oluwa-Tedo,211105,Alapinni
Afijio,Ilora/Oluwa-Tedo,211105,Alawusa
Afijio,Ilora/Oluwa-Tedo,211105,Anti
Afijio,Ilora/Oluwa-Tedo,211105,Aribambo
Afijio,Ilora/Oluwa-Tedo,211105,Aridiogo
Afijio,Ilora/Oluwa-Tedo,211105,Arin
Afijio,Ilora/Oluwa-Tedo,211105,Eleekara
Afijio,Ilora/Oluwa-Tedo,211105,Eleyele
Afijio,Ilora/Oluwa-Tedo,211105,Fadari
Afijio,Ilora/Oluwa-Tedo,211105,Ilora
Afijio,Ilora/Oluwa-Tedo,211105,Obananko
Afijio,Ilora/Oluwa-Tedo,211105,Obanlete
Afijio,Ilora/Oluwa-Tedo,211105,Ogunwemimo
Afijio,Ilora/Oluwa-Tedo,211105,Ojutaye
Afijio,Ilora/Oluwa-Tedo,211105,Olorieru
Afijio,Ilora/Oluwa-Tedo,211105,Olukosolu
Afijio,Ilora/Oluwa-Tedo,211105,Olukotun
Afijio,Ilora/Oluwa-Tedo,211105,Oluwatedo
Afijio,Ilora/Oluwa-Tedo,211105,Onikoko
Afijio,Ilora/Oluwa-Tedo,211105,Oniluru
Afijio,Ilora/Oluwa-Tedo,211105,Sakutu
Afijio,Ilora/Oluwa-Tedo,211105,Temidire Farm Sett.
Afijio,Imini,211107,Agoyo
Afijio,Imini,211107,Ajana
Afijio,Imini,211107,Ajobo
Afijio,Imini,211107,Arulogun
Afijio,Imini,211107,Atan
Afijio,Imini,211107,Atente
Afijio,Imini,211107,Hosi
Afijio,Imini,211107,Ilu Aje
Afijio,Imini,211107,Imini
Afijio,Imini,211107,Isioye
Afijio,Imini,211107,Japeta
Afijio,Imini,211107,Lakanpa
Afijio,Imini,211107,Ojerinde
Afijio,Imini,211107,Okelagun
Afijio,Imini,211107,Olounde
Afijio,Imini,211107,Olowa
Afijio,Imini,211107,Waya
Afijio,Iware,211103,Aba Jagun
Afijio,Iware,211103,Ajayi
Afijio,Iware,211103,Akinola
Afijio,Iware,211103,Iware
Afijio,Iware,211103,Labe
Afijio,Iware,211103,Molade
Afijio,Iware,211103,Ogunkanmi
Afijio,Iware,211103,Ojerinde
Afijio,Iware,211103,Sekeseke
Akinyele,Ajibade / Alabata,200135,Agbedo
Akinyele,Ajibade / Alabata,200135,Ajibade
Akinyele,Ajibade / Alabata,200135,Akingbala
Akinyele,Ajibade / Alabata,200135,Alabata
Akinyele,Ajibade / Alabata,200135,Alagbaa
Akinyele,Ajibade / Alabata,200135,Balogun
Akinyele,Ajibade / Alabata,200135,Dabadango
Akinyele,Ajibade / Alabata,200135,Elekuru
Akinyele,Ajibade / Alabata,200135,Lakeye
Akinyele,Ajibade / Alabata,200135,Olode
Akinyele,Ajibade / Alabata,200135,Olorisa
Akinyele,Ajibade / Alabata,200135,Onibon-Nla
Akinyele,Akinyele,200136,Agbirigidi
Akinyele,Akinyele,200136,Ajobo
Akinyele,Akinyele,200136,Akingbala
Akinyele,Akinyele,200136,Akinjero 1 & II
Akinyele,Akinyele,200136,Akinyele
Akinyele,Akinyele,200136,Alagbaa
Akinyele,Akinyele,200136,Babalawo
Akinyele,Akinyele,200136,Iba
Akinyele,Akinyele,200136,Irepodun
Akinyele,Akinyele,200136,Isabiyi
Akinyele,Akinyele,200136,Solalu
Akinyele,Arulogun / Igbo OLoyin /,200134,Adebayo
Akinyele,Arulogun / Igbo OLoyin /,200134,Agbongun
Akinyele,Arulogun / Igbo OLoyin /,200134,Ajobo
Akinyele,Arulogun / Igbo OLoyin /,200134,Akinaje
Akinyele,Arulogun / Igbo OLoyin /,200134,Akinode
Akinyele,Arulogun / Igbo OLoyin /,200134,Aroro
Akinyele,Arulogun / Igbo OLoyin /,200134,Arulogun
Akinyele,Arulogun / Igbo OLoyin /,200134,Atere
Akinyele,Arulogun / Igbo OLoyin /,200134,Balogun
Akinyele,Arulogun / Igbo OLoyin /,200134,Eniosa
Akinyele,Arulogun / Igbo OLoyin /,200134,Igboloyin
Akinyele,Arulogun / Igbo OLoyin /,200134,Ogunranti
Akinyele,Arulogun / Igbo OLoyin /,200134,Olanla
Akinyele,Arulogun / Igbo OLoyin /,200134,Oluwo
Akinyele,Arulogun / Igbo OLoyin /,200134,Salako
Akinyele,Ijaye,200137,Agbonrin
Akinyele,Ijaye,200137,Ajibode
Akinyele,Ijaye,200137,Atan Ojedele
Akinyele,Ijaye,200137,Atan-Nla
Akinyele,Ijaye,200137,Bamidele
Akinyele,Ijaye,200137,Fagbenro
Akinyele,Ijaye,200137,Fagunwa
Akinyele,Ijaye,200137,Idi-Aayan
Akinyele,Ijaye,200137,Ijaye Ajeja
Akinyele,Ijaye,200137,Iware
Akinyele,Ijaye,200137,Lalare
Akinyele,Ijaye,200137,Odunewu
Akinyele,Ijaye,200137,Ojedeji
Akinyele,Ijaye,200137,Olonitutu
Akinyele,Ijaye,200137,Saanu
Akinyele,Ijaye,200137,Sangobon
Akinyele,Ijaye,200137,Tola larumo
Akinyele,Ikereku,200139,Agbagi
Akinyele,Ikereku,200139,Alade
Akinyele,Ikereku,200139,Alasoosun
Akinyele,Ikereku,200139,Atapa
Akinyele,Ikereku,200139,Ayepola
Akinyele,Ikereku,200139,Ekefa
Akinyele,Ikereku,200139,Eleepo
Akinyele,Ikereku,200139,Ogbogbologun
Akinyele,Ikereku,200139,Folarin
Akinyele,Ikereku,200139,Oloya
Akinyele,Ikereku,200139,Agoro-Ibadan
Akinyele,Ikereku,200139,Faleye
Akinyele,Ikereku,200139,Idiapa
Akinyele,Ikereku,200139,Ikereku
Akinyele,Ikereku,200139,Ileyioku
Akinyele,Ikereku,200139,Labode
Akinyele,Ikereku,200139,Morowonaa
Akinyele,Ikereku,200139,Obada
Akinyele,Ikereku,200139,Ogbongan
Akinyele,Ikereku,200139,Ogunjinmi
Akinyele,Ikereku,200139,Ogunjinmi Egan
Akinyele,Ikereku,200139,Olanla
Akinyele,Ikereku,200139,Olunlosin
Akinyele,Ikereku,200139,Onikarahun
Akinyele,Ikereku,200139,Osayindeyi
Akinyele,Ikereku,200139,Oyada
Akinyele,Iroko,200140,Akinwumi
Akinyele,Iroko,200140,Arikanki
Akinyele,Iroko,200140,Fakore
Akinyele,Iroko,200140,Igbagbo
Akinyele,Iroko,200140,Iroko
Akinyele,Iroko,200140,Motunde
Akinyele,Iroko,200140,Olowogbo
Akinyele,Iroko,200140,Onisigun
Akinyele,Iroko,200140,Oretu
Akinyele,Iroko,200140,Taiwo
Akinyele,Moniya,200132,Adeosun
Akinyele,Moniya,200132,Ajibode
Akinyele,Moniya,200132,Akobo
Akinyele,Moniya,200132,Apapa
Akinyele,Moniya,200132,Ògo
Akinyele,Moniya,200132,Dabiri
Akinyele,Moniya,200132,Idi Ose
Akinyele,Moniya,200132,Idi-Iroko
Akinyele,Moniya,200132,Kajorepo
Akinyele,Moniya,200132,Kakun
Akinyele,Moniya,200132,Lanibe
Akinyele,Moniya,200132,Mokankan
Akinyele,Moniya,200132,Moniya
Akinyele,Moniya,200132,Alade
Akinyele,Moniya,200132,Odogbo
Akinyele,Moniya,200132,Ojoo
Akinyele,Moniya,200132,Okeona
Akinyele,Moniya,200132,Olomo
Akinyele,Moniya,200132,Olugbode
Akinyele,Moniya,200132,Onilabu
Akinyele,Moniya,200132,Orogun
Akinyele,Moniya,200132,Oyatola
Akinyele,Moniya,200132,Sada
Akinyele,Moniya,200132,Sasa
Akinyele,Olode / Onidundu,200138,Abatan
Akinyele,Olode / Onidundu,200138,Adeogun
Akinyele,Olode / Onidundu,200138,Adifa
Akinyele,Olode / Onidundu,200138,Amosun
Akinyele,Olode / Onidundu,200138,Asania
Akinyele,Olode / Onidundu,200138,Idi Ori
Akinyele,Olode / Onidundu,200138,Ileba
Akinyele,Olode / Onidundu,200138,Ojerinde
Akinyele,Olode / Onidundu,200138,Olode
Akinyele,Olode / Onidundu,200138,Onidundu
Akinyele,Olode / Onidundu,200138,Onigbongbo
Akinyele,Olode / Onidundu,200138,Salako
Akinyele,Olode / Onidundu,200138,Togiri
Akinyele,Olode / Onidundu,200138,Aba Osa
Akinyele,Olode / Onidundu,200138,Talotan
Akinyele,Olode / Onidundu,200138,Ayun
Akinyele,Olode / Onidundu,200138,Sokinloju
Akinyele,Olode / Onidundu,200138,Ojotegiri
Akinyele,Olode / Onidundu,200138,Ayunhun
Akinyele,Olode / Onidundu,200138,Apapa Odan
Akinyele,Olode / Onidundu,200138,Iya Ofa
Akinyele,Olode / Onidundu,200138,Baba Mogba
Akinyele,Olode / Onidundu,200138,Akande
Akinyele,Olode / Onidundu,200138,Idi Oro
Akinyele,Olode / Onidundu,200138,Ogungbe
Akinyele,Olode / Onidundu,200138,Eke Ola
Akinyele,Olode / Onidundu,200138,Onikange
Akinyele,Olode / Onidundu,200138,Bantuu
Akinyele,Olode / Onidundu,200138,Paade
Akinyele,Olode / Onidundu,200138,Olanla
Akinyele,Olode / Onidundu,200138,Obodaa
Akinyele,Olode / Onidundu,200138,Asipa
Akinyele,Olorisakoko/Mele,200133,Anisere
Akinyele,Olorisakoko/Mele,200133,Asani
Akinyele,Olorisakoko/Mele,200133,Ejitolu
Akinyele,Olorisakoko/Mele,200133,Elewintan
Akinyele,Olorisakoko/Mele,200133,Folarin
Akinyele,Olorisakoko/Mele,200133,Idi-Odan
Akinyele,Olorisakoko/Mele,200133,Mele
Akinyele,Olorisakoko/Mele,200133,Molarere
Akinyele,Olorisakoko/Mele,200133,Okegbemi
Akinyele,Olorisakoko/Mele,200133,Olorisaoko
Akinyele,Olorisakoko/Mele,200133,Oyodo
Atiba,Atiba,211108,Aaatan
Atiba,Atiba,211108,Abolupe
Atiba,Atiba,211108,Afonja
Atiba,Atiba,211108,Agbaa
Atiba,Atiba,211108,Agbaakin
Atiba,Atiba,211108,Agbaka
Atiba,Atiba,211108,Agbalowo-Asa
Atiba,Atiba,211108,Agberinde
Atiba,Atiba,211108,Agunpopo
Atiba,Atiba,211108,Ajalaruru
Atiba,Atiba,211108,Ajegunle
Atiba,Atiba,211108,Ajikobi
Atiba,Atiba,211108,Akaparo
Atiba,Atiba,211108,Akinku
Atiba,Atiba,211108,Alaafin Palace
Atiba,Atiba,211108,Alubata
Atiba,Atiba,211108,Alusekere
Atiba,Atiba,211108,Are-Eromasanyin
Atiba,Atiba,211108,Aremo Area
Atiba,Atiba,211108,Asanminu
Atiba,Atiba,211108,Ashamu
Atiba,Atiba,211108,Ashipa
Atiba,Atiba,211108,Ayetoro
Atiba,Atiba,211108,Baago
Atiba,Atiba,211108,Balogun Maje
Atiba,Atiba,211108,Bangudu
Atiba,Atiba,211108,Basorun
Atiba,Atiba,211108,Ekesan
Atiba,Atiba,211108,Eleke
Atiba,Atiba,211108,Elerinle
Atiba,Atiba,211108,Elewi
Atiba,Atiba,211108,Gaa Bale Fulani
Atiba,Atiba,211108,Gbangba Taylor
Atiba,Atiba,211108,Gbanta
Atiba,Atiba,211108,Ijawaya
Atiba,Atiba,211108,Ikolaba
Atiba,Atiba,211108,Ile-Ewe
Atiba,Atiba,211108,Ilowagbade
Atiba,Atiba,211108,Ilusinmi
Atiba,Atiba,211108,Iyalamu
Atiba,Atiba,211108,Jowo Ese
Atiba,Atiba,211108,Keeto
Atiba,Atiba,211108,Koloko
Atiba,Atiba,211108,Koso
Atiba,Atiba,211108,Lagbondoko Area
Atiba,Atiba,211108,Latula
Atiba,Atiba,211108,Obagbori
Atiba,Atiba,211108,Ode Moje
Atiba,Atiba,211108,Ofa-Meta
Atiba,Atiba,211108,Ogbegbe
Atiba,Atiba,211108,Oke Oloola Area
Atiba,Atiba,211108,Oke-Afin Area
Atiba,Atiba,211108,Olokun Esin
Atiba,Atiba,211108,Olugbile
Atiba,Atiba,211108,Ona-Aka
Atiba,Atiba,211108,Onireko
Atiba,Atiba,211108,Onre Bare
Atiba,Atiba,211108,Oota
Atiba,Atiba,211108,Oridota
Atiba,Atiba,211108,Origbemidele
Atiba,Atiba,211108,Orokoroko
Atiba,Atiba,211108,Otefon
Atiba,Atiba,211108,Saakin
Atiba,Atiba,211108,Saamu
Atiba,Atiba,211108,Sabo
Atiba,Atiba,211108,Sangolokeke
Atiba,Atiba,211108,Sarumi
Atiba,Atiba,211108,St. Andrews Area
Atiba,Atiba,211108,Tak
Atisbo,Ago-Are/ Owo,203105,Ago Are
Atisbo,Ago-Are/ Owo,203105,Agunrege
Atisbo,Ago-Are/ Owo,203105,Alaga
Atisbo,Ago-Are/ Owo,203105,Bashi Owo
Atisbo,Ago-Are/ Owo,203105,Corner Owo
Atisbo,Ago-Are/ Owo,203105,Ito
Atisbo,Ago-Are/ Owo,203105,Sabe
Atisbo,Aha/Tede,203104,Aha
Atisbo,Aha/Tede,203104,Tede
Atisbo,Irawo / Ofiki,203106,Irawo
Atisbo,Irawo / Ofiki,203106,Irawo Ile
Atisbo,Irawo / Ofiki,203106,Irawotedo
Atisbo,Irawo / Ofiki,203106,Kajewole
Atisbo,Irawo / Ofiki,203106,Ofiki
Atisbo,Irawo / Ofiki,203106,Owode
Egbeda,Ayede /Alugbo,200114,Adeyadi
Egbeda,Ayede /Alugbo,200114,Alagbo
Egbeda,Ayede /Alugbo,200114,Ayede
Egbeda,Ayede /Alugbo,200114,Buramo
Egbeda,Ayede /Alugbo,200114,Fatade
Egbeda,Ayede /Alugbo,200114,Fayo
Egbeda,Ayede /Alugbo,200114,Koloko
Egbeda,Egbeda,200109,Abepe
Egbeda,Egbeda,200109,Adegbayi
Egbeda,Egbeda,200109,Adekola
Egbeda,Egbeda,200109,Adelabu
Egbeda,Egbeda,200109,Adogba
Egbeda,Egbeda,200109,Agbowo Village
Egbeda,Egbeda,200109,Agoro
Egbeda,Egbeda,200109,Ajia
Egbeda,Egbeda,200109,Ajule-Alagbaa
Egbeda,Egbeda,200109,Alakia
Egbeda,Egbeda,200109,Alarere
Egbeda,Egbeda,200109,Alarobo
Egbeda,Egbeda,200109,Apete
Egbeda,Egbeda,200109,Apoku
Egbeda,Egbeda,200109,Arolu
Egbeda,Egbeda,200109,Asaju
Egbeda,Egbeda,200109,Ayepe
Egbeda,Egbeda,200109,Bole Village
Egbeda,Egbeda,200109,Egbalekan
Egbeda,Egbeda,200109,Egbeda
Egbeda,Egbeda,200109,Idi-Mango
Egbeda,Egbeda,200109,Jagun
Egbeda,Egbeda,200109,Koroboto
Egbeda,Egbeda,200109,Lamuregun
Egbeda,Egbeda,200109,Mapo-Egbeda
Egbeda,Egbeda,200109,Molade Ayedaade
Egbeda,Egbeda,200109,Mosafejo
Egbeda,Egbeda,200109,New Gbagi
Egbeda,Egbeda,200109,Nigeria Breweries
Egbeda,Egbeda,200109,Olo
Egbeda,Egbeda,200109,Olodi
Egbeda,Egbeda,200109,Olopo Metta
Egbeda,Egbeda,200109,Olorisaoko
Egbeda,Egbeda,200109,Olowo
Egbeda,Egbeda,200109,Oloya
Egbeda,Egbeda,200109,Olubadan Estate
Egbeda,Egbeda,200109,Olugbojo
Egbeda,Egbeda,200109,Onipepeye
Egbeda,Egbeda,200109,Onisade
Egbeda,Egbeda,200109,Oremeji
Egbeda,Egbeda,200109,Reji Sekere
Egbeda,Egbeda,200109,Sawmill
Egbeda,Egbeda,200109,Tanmo
Egbeda,Erunmu,200113,Adeleye
Egbeda,Erunmu,200113,Arije
Egbeda,Erunmu,200113,Afinti
Egbeda,Erunmu,200113,Ajia
Egbeda,Erunmu,200113,Ajiwogbo
Egbeda,Erunmu,200113,Akinlomo
Egbeda,Erunmu,200113,Aloba
Egbeda,Erunmu,200113,Ataari
Egbeda,Erunmu,200113,Gberinmi
Egbeda,Erunmu,200113,Jooda
Egbeda,Erunmu,200113,Kolayan
Egbeda,Erunmu,200113,Moje
Egbeda,Erunmu,200113,Olodan
Egbeda,Erunmu,200113,Olokeke
Egbeda,Erunmu,200113,Oloro
Egbeda,Erunmu,200113,Olosun
Egbeda,Erunmu,200113,Onibata
Egbeda,Erunmu,200113,Pagun
Egbeda,Erunmu,200113,Solowojaiye
Egbeda,Olodo / Kumapayi,200111,Aba Igbo
Egbeda,Olodo / Kumapayi,200111,Ajo
Egbeda,Olodo / Kumapayi,200111,Akinluwo
Egbeda,Olodo / Kumapayi,200111,Akorede
Egbeda,Olodo / Kumapayi,200111,Aloko
Egbeda,Olodo / Kumapayi,200111,Egbe
Egbeda,Olodo / Kumapayi,200111,Elesan
Egbeda,Olodo / Kumapayi,200111,Gbenku
Egbeda,Olodo / Kumapayi,200111,Idi Osan
Egbeda,Olodo / Kumapayi,200111,Jeriyin
Egbeda,Olodo / Kumapayi,200111,Koloko
Egbeda,Olodo / Kumapayi,200111,Kumapayi
Egbeda,Olodo / Kumapayi,200111,Maje
Egbeda,Olodo / Kumapayi,200111,Odan
Egbeda,Olodo / Kumapayi,200111,Ogaala
Egbeda,Olodo / Kumapayi,200111,Ogan-Ango
Egbeda,Olodo / Kumapayi,200111,Ojujinle
Egbeda,Olodo / Kumapayi,200111,Ojuolape
Egbeda,Olodo / Kumapayi,200111,Oki
Egbeda,Olodo / Kumapayi,200111,Oko
Egbeda,Olodo / Kumapayi,200111,Oko-Omi
Egbeda,Olodo / Kumapayi,200111,Olodo
Egbeda,Olodo / Kumapayi,200111,Olukunle
Egbeda,Olodo / Kumapayi,200111,Wakajaiye
Egbeda,Olodo / Kumapayi,200111,Wofun
Egbeda,Osegere,200110,Awaye
Egbeda,Osegere,200110,Awowo
Egbeda,Osegere,200110,Erinmi
Egbeda,Osegere,200110,Idogo
Egbeda,Osegere,200110,Ilaro I & II
Egbeda,Osegere,200110,Olumakun
Egbeda,Osegere,200110,Osegere
Egbeda,Owobaale / Kasumu,200112,Alagbede
Egbeda,Owobaale / Kasumu,200112,Alaikola
Egbeda,Owobaale / Kasumu,200112,Apaso
Egbeda,Owobaale / Kasumu,200112,Apoku
Egbeda,Owobaale / Kasumu,200112,Efunwole
Egbeda,Owobaale / Kasumu,200112,Gidigidi
Egbeda,Owobaale / Kasumu,200112,Ibiti
Egbeda,Owobaale / Kasumu,200112,Kasumu
Egbeda,Owobaale / Kasumu,200112,Odode
Egbeda,Owobaale / Kasumu,200112,"Ore I,"
Egbeda,Owobaale / Kasumu,200112,Ore II
Egbeda,Owobaale / Kasumu,200112,Owebaale
Egbeda,Owobaale / Kasumu,200112,Yati
Ibadan-North,Bodija,200221,Agbo Compound
Ibadan-North,Bodija,200221,Ayoola Compound I
Ibadan-North,Bodija,200221,Ayoola Compound II
Ibadan-North,Bodija,200221,Galaxy T. V. I
Ibadan-North,Bodija,200221,Galaxy T. V. II
Ibadan-North,Bodija,200221,I. M. G. Court
Ibadan-North,Bodija,200221,"Islamic Mission School, Odoye I"
Ibadan-North,Bodija,200221,"Islamic Mission School, Odoye II"
Ibadan-North,Bodija,200221,Lawore Compound
Ibadan-North,Bodija,200221,Opposite National Petrol Isale-Alfa
Ibadan-North,Bodija,200221,St. Mary School
Ibadan-North,Bodija,200221,"Unipetrol, Isale Alfa I"
Ibadan-North,Bodija,200221,"Unipetrol, Isale Alfa II"
Ibadan-North,Bodija,200221,Afiku Compound
Ibadan-North,Bodija,200221,Apostolic Primary School
Ibadan-North,Bodija,200221,Ayegun Mosque
Ibadan-North,Bodija,200221,Bola Street
Ibadan-North,Bodija,200221,Bolanta Sapati I
Ibadan-North,Bodija,200221,Bolanta Sapati II
Ibadan-North,Bodija,200221,Ebenezer Primary School
Ibadan-North,Bodija,200221,"I. M. G. School, Nalende"
Ibadan-North,Bodija,200221,Inalende Market
Ibadan-North,Bodija,200221,Ire Akari
Ibadan-North,Bodija,200221,Jodat
Ibadan-North,Bodija,200221,Nalende Mosque
Ibadan-North,Bodija,200221,Nawar-Deen School
Ibadan-North,Bodija,200221,Ode Olo
Ibadan-North,Bodija,200221,Ojo-Oniro Compound
Ibadan-North,Bodija,200221,Oke-Oloro
Ibadan-North,Bodija,200221,Opoyeosa Oniyanrin Junction
Ibadan-North,Bodija,200221,Opposite Nalende Mosque
Ibadan-North,Bodija,200221,Opposite Nitel Oniyanrin
Ibadan-North,Bodija,200221,St. John Primary School
Ibadan-North,Bodija,200221,St. Peter School
Ibadan-North,Bodija,200221,St. Stephen School. I
Ibadan-North,Bodija,200221,St. Stephen School II
Ibadan-North,Bodija,200221,St. Stephen School III
Ibadan-North,Bodija,200221,In Front Of Borokini House
Ibadan-North,Bodija,200221,Elelede Compound
Ibadan-North,Bodija,200221,Opposite Former Tribune
Ibadan-North,Bodija,200221,Agip Petrol Station
Ibadan-North,Bodija,200221,Salem Baptist Church
Ibadan-North,Bodija,200221,Yemetu Police Station
Ibadan-North,Bodija,200221,"Salvation Army School, Yemetu"
Ibadan-North,Bodija,200221,Baptist School Oritamefa
Ibadan-North,Bodija,200221,"Medico Area, Agbada Gbudu"
Ibadan-North,Bodija,200221,"I. M. G. N4, Yemetu"
Ibadan-North,Bodija,200221,Yemetu Oje I
Ibadan-North,Bodija,200221,Yemetu Oje II
Ibadan-North,Bodija,200221,Adabale
Ibadan-North,Bodija,200221,Kanbi House
Ibadan-North,Bodija,200221,"Licensing Office, Yemetu"
Ibadan-North,Bodija,200221,Alawada Yemetu
Ibadan-North,Bodija,200221,"St. Michael School, Yemetu"
Ibadan-North,Bodija,200221,"Aladorin Junction, Yemetu I"
Ibadan-North,Bodija,200221,"Aladorin Junction, Yemetu II"
Ibadan-North,Bodija,200221,Beside Agala Forest
Ibadan-North,Bodija,200221,Oke Aremo Eruku I
Ibadan-North,Bodija,200221,Oke Aremo Eruku II
Ibadan-North,Bodija,200221,Biro Oke Are I
Ibadan-North,Bodija,200221,Biro Oke Are II
Ibadan-North,Bodija,200221,Akabiako
Ibadan-North,Bodija,200221,Oluwo Compound
Ibadan-North,Bodija,200221,"St. Paul School, Oke Are I"
Ibadan-North,Bodija,200221,"St. Paul School, Oke Are II"
Ibadan-North,Bodija,200221,Petrol Station Oje
Ibadan-North,Bodija,200221,Opposite Zion Chemist
Ibadan-North,Bodija,200221,Adeoyo Maternity
Ibadan-North,Bodija,200221,Olubadan Aminu
Ibadan-North,Bodija,200221,Medico Junction
Ibadan-North,Bodija,200221,Isale Alfa Adeoyo
Ibadan-North,Bodija,200221,Temidire Fish Depot
Ibadan-North,Bodija,200221,Mobil Petrol Station/Oke Are Road Yemetu
Ibadan-North,Bodija,200221,Ile Eja Temidire
Ibadan-North,Bodija,200221,Yemetu Oja
Ibadan-North,Bodija,200221,"Sanni Street, Idi-Tap"
Ibadan-North,Bodija,200221,"Sani Street, Idi-Omo"
Ibadan-North,Bodija,200221,Aya Jamogiri
Ibadan-North,Bodija,200221,Oke Compound
Ibadan-North,Bodija,200221,"Licensing Office, Igosun"
Ibadan-North,Bodija,200221,Methodist Primary School N5(Nta) I
Ibadan-North,Bodija,200221,Methodist Primary School N5(Nta) II
Ibadan-North,Bodija,200221,"Salvation Army School, Kube"
Ibadan-North,Bodija,200221,Odo Alagbafo I
Ibadan-North,Bodija,200221,Odo Alagbafo II
Ibadan-North,Bodija,200221,Slaughter Slab
Ibadan-North,Bodija,200221,St. John Primary School
Ibadan-North,Bodija,200221,Owotutu House
Ibadan-North,Bodija,200221,Opposite Ali-Iwo Compound
Ibadan-North,Bodija,200221,Local Government Dispensary Agodi
Ibadan-North,Bodija,200221,C. A. C. Igosun I
Ibadan-North,Bodija,200221,C. A. C. Igosun II
Ibadan-North,Bodija,200221,Omikunle Compound
Ibadan-North,Bodija,200221,Otun Compound
Ibadan-North,Bodija,200221,I. M. G. Igosun
Ibadan-North,Bodija,200221,Idi-Omo Mosque
Ibadan-North,Bodija,200221,"Idi-Omo Road, Itutaba"
Ibadan-North,Bodija,200221,"Idi-Omo, Itutaba"
Ibadan-North,Bodija,200221,"Jagunmolu, Itutaba"
Ibadan-North,Bodija,200221,"Akintoye Street, Itutaba"
Ibadan-North,Bodija,200221,"Ajibodu Street, Itutaba I"
Ibadan-North,Bodija,200221,Ajibodu Road/Irefin Junction
Ibadan-North,Bodija,200221,"Ajibodu Road, Itutaba"
Ibadan-North,Bodija,200221,"Ajibodu Street, Itutaba II"
Ibadan-North,Bodija,200221,"Ikolaba Grammar School,"
Ibadan-North,Bodija,200221,Ikolaba High School
Ibadan-North,Bodija,200221,Post Office Agodi Gate
Ibadan-North,Bodija,200221,"Federal Housing, Ikolaba"
Ibadan-North,Bodija,200221,Bibilari Shopping Complex
Ibadan-North,Bodija,200221,"In Front Of Customs, Agodi"
Ibadan-North,Bodija,200221,Railway Crossing Bodija
Ibadan-North,Bodija,200221,Basorun/Ojoo High School Asi
Ibadan-North,Bodija,200221,"Brick House Hotel, Bodija"
Ibadan-North,Bodija,200221,"Methodist School II, Bodija"
Ibadan-North,Bodija,200221,Late Chief Lekan Salami Estate
Ibadan-North,Bodija,200221,Owo Egbeleke
Ibadan-North,Bodija,200221,Front Of Late Alhaji Fatai Olusegun House
Ibadan-North,Bodija,200221,Mt. Olivet Grammar School
Ibadan-North,Bodija,200221,"Islamic High School, Basorun"
Ibadan-North,Bodija,200221,C & S New Eden Primary School
Ibadan-North,Bodija,200221,St. Patrick Grammar School
Ibadan-North,Bodija,200221,Osunkaye Inu Koko
Ibadan-North,Bodija,200221,"Methodist Grammar School, Bodija"
Ibadan-North,Bodija,200221,Oluwo-Nla
Ibadan-North,Bodija,200221,Front Of Late Peller's House
Ibadan-North,Bodija,200221,Water Reservoir
Ibadan-North,Bodija,200221,Akingbola Mosque
Ibadan-North,Bodija,200221,Bishop Onabanjo High School
Ibadan-North,Bodija,200221,Sonbeam Nursery/Primary School
Ibadan-North,Bodija,200221,Idi-Orogbo
Ibadan-North,Bodija,200221,Ashi Village (Near The Stream)
Ibadan-North,Bodija,200221,"Adegoke Layout, Ashi"
Ibadan-North,Bodija,200221,Arapasopo
Ibadan-North,Bodija,200221,Basorun Guest House
Ibadan-North,Bodija,200221,Odo-Elede
Ibadan-North,Bodija,200221,Festola Nursery/Primary School
Ibadan-North,Bodija,200221,Opposite Olona Mosque
Ibadan-North,Bodija,200221,Are Avenue
Ibadan-North,Bodija,200221,Halleluyah Nursery/Primary School
Ibadan-North,Bodija,200221,Junction Nubifal Pharmacy
Ibadan-North,Bodija,200221,"Old Motor Park, Sabo"
Ibadan-North,Bodija,200221,Ibadan Recreation Club
Ibadan-North,Bodija,200221,"Primary School, Jemibewon"
Ibadan-North,Bodija,200221,Opposite Texaco Adamasingba
Ibadan-North,Bodija,200221,"St. Gabriel Grammar School, Mokola"
Ibadan-North,Bodija,200221,Palm Chemist Adamasingba
Ibadan-North,Bodija,200221,Sabo Market
Ibadan-North,Bodija,200221,Late Oba Sabo Palace I
Ibadan-North,Bodija,200221,Late Oba Sabo Palace II
Ibadan-North,Bodija,200221,"Central Mosque, Sabo"
Ibadan-North,Bodija,200221,New Oba Sabo Palace
Ibadan-North,Bodija,200221,Opposite Uncle Joe Chemist
Ibadan-North,Bodija,200221,"Opposite Shopping Complex, Adamasingba"
Ibadan-North,Bodija,200221,"Scala Cinema, Sabo I"
Ibadan-North,Bodija,200221,"Scala Cinema, Sabo II"
Ibadan-North,Bodija,200221,"Fayemi Street, Taxaco, Ore Meji I"
Ibadan-North,Bodija,200221,"Fayemi Street, Taxaco, Ore Meji II"
Ibadan-North,Bodija,200221,"Ajegunle Street, Coca Cola I"
Ibadan-North,Bodija,200221,"Ajegunle Street, Coca Cola II"
Ibadan-North,Bodija,200221,St. Louis Grammar School
Ibadan-North,Bodija,200221,Opposite Sunny Day Model School I
Ibadan-North,Bodija,200221,Opposite Sunny Day Model School II
Ibadan-North,Bodija,200221,Opposite Arabic High School I
Ibadan-North,Bodija,200221,Opposite Arabic High School II
Ibadan-North,Bodija,200221,Alawode Street I
Ibadan-North,Bodija,200221,Alawode Street II
Ibadan-North,Bodija,200221,Constance Model School
Ibadan-North,Bodija,200221,Fatodu Street (Tunatol)
Ibadan-North,Bodija,200221,Adeola Crescent I
Ibadan-North,Bodija,200221,Adeola Crescent II
Ibadan-North,Bodija,200221,Amisu Street Oke Itunu
Ibadan-North,Bodija,200221,Railway Chambers I
Ibadan-North,Bodija,200221,Railway Chambers II
Ibadan-North,Bodija,200221,Behind Texaco
Ibadan-North,Bodija,200221,C. A. C. Obadare
Ibadan-North,Bodija,200221,Estate Oke Itunu
Ibadan-North,Bodija,200221,In Front Of Adediran Mosque
Ibadan-North,Bodija,200221,Popoola Chambers I
Ibadan-North,Bodija,200221,Popoola Chambers II
Ibadan-North,Bodija,200221,Loko Compound
Ibadan-North,Bodija,200221,"Poly Road, Ijokodo"
Ibadan-North,Bodija,200221,Mechanic Village
Ibadan-North,Bodija,200221,"Agbaje Road, Ijokodo"
Ibadan-North,Bodija,200221,Opposite Christ Life Ministry
Ibadan-North,Bodija,200221,"Apostolic Church, Sango Market"
Ibadan-North,Bodija,200221,"Estate Junction, Agbaje"
Ibadan-North,Bodija,200221,"Bibi Press, Ijokodo"
Ibadan-North,Bodija,200221,Along Power Line
Ibadan-North,Bodija,200221,C. A. C. Oke Itura
Ibadan-North,Bodija,200221,Kalejaye
Ibadan-North,Bodija,200221,Opposite Fijabi Mosque
Ibadan-North,Bodija,200221,Okoro Junction
Ibadan-North,Bodija,200221,Behind Mechanic Garage Okoro
Ibadan-North,Bodija,200221,Gbaremu
Ibadan-North,Bodija,200221,Biskat Chemist Ijokodo
Ibadan-North,Bodija,200221,Idi-Ito Junction
Ibadan-North,Bodija,200221,"St. James African Church, Isopako"
Ibadan-North,Bodija,200221,"Taiwo Street, Sango Alarometa"
Ibadan-North,Bodija,200221,Cassava Processing Centre
Ibadan-North,Bodija,200221,Transformer Sango
Ibadan-North,Bodija,200221,Durotolu Maternity
Ibadan-North,Bodija,200221,"Bibi Press, Agbaje Road"
Ibadan-North,Bodija,200221,Odo Bale Idi Transformer
Ibadan-North,Bodija,200221,Bembo Hotel Junction
Ibadan-North,Bodija,200221,Opposite Poly 2nd Gate
Ibadan-North,Bodija,200221,Children Welfare Centre
Ibadan-North,Bodija,200221,Agbaje Junction
Ibadan-North,Bodija,200221,Sango Alaro
Ibadan-North,Bodija,200221,"Cottage Clinic, Sango"
Ibadan-North,Bodija,200221,"In Front Of Gateway Baptist, Sango"
Ibadan-North,Bodija,200221,Odo Baale
Ibadan-North,Bodija,200221,Alaro
Ibadan-North,Bodija,200221,"Adamasingba Area, Okoro"
Ibadan-North,Bodija,200221,Behind Oba Akinbiyi High School (I)
Ibadan-North,Bodija,200221,I. M. G. Mokola I
Ibadan-North,Bodija,200221,I. M. G. Mokola II
Ibadan-North,Bodija,200221,Behind Bisi Bookshop
Ibadan-North,Bodija,200221,Colour Laboratory
Ibadan-North,Bodija,200221,Ago Tapa
Ibadan-North,Bodija,200221,Alafia Primary School I
Ibadan-North,Bodija,200221,Alafia Primary School II
Ibadan-North,Bodija,200221,Alafia Primary School III
Ibadan-North,Bodija,200221,C & S New Eden School
Ibadan-North,Bodija,200221,Akinlolu Printers
Ibadan-North,Bodija,200221,Back Of Uncle Joe
Ibadan-North,Bodija,200221,"Opposite Veterinary, Mokola"
Ibadan-North,Bodija,200221,U. C. H. Park
Ibadan-North,Bodija,200221,U. C. H. Canteen
Ibadan-North,Bodija,200221,Adeyi Avenue
Ibadan-North,Bodija,200221,"Baptist Church Area, Bodija"
Ibadan-North,Bodija,200221,Faith Medical Clinic
Ibadan-North,Bodija,200221,Awolowo Avenue
Ibadan-North,Bodija,200221,Ajibade Street Jac-Debo I
Ibadan-North,Bodija,200221,Ajibade Street Jac-Debo II
Ibadan-North,Bodija,200221,Sanusi Street
Ibadan-North,Bodija,200221,Obasa
Ibadan-North,Bodija,200221,"Alabiamo Street, Beside All Souls"
Ibadan-North,Bodija,200221,Opposite Subuola Nursery/Primary School
Ibadan-North,Bodija,200221,"Ondo Street, Old Bodija"
Ibadan-North,Bodija,200221,"Ilaro Street, Old Bodija"
Ibadan-North,Bodija,200221,Osuntokun Avenue
Ibadan-North,Bodija,200221,Ss Peter & Paul Bus-Stop
Ibadan-North,Bodija,200221,Oba Akinbiyi High School II
Ibadan-North,Bodija,200221,South Poly Bus-Stop (Campus)
Ibadan-North,Bodija,200221,Staff Quarters Unity Hall Poly
Ibadan-North,Bodija,200221,Poly North Campus
Ibadan-North,Bodija,200221,Around Police Station
Ibadan-North,Bodija,200221,Inside Sango Garage
Ibadan-North,Bodija,200221,Moradeyo
Ibadan-North,Bodija,200221,Ope Abayomi
Ibadan-North,Bodija,200221,Inside Emmanuel College Of Theology
Ibadan-North,Bodija,200221,"Queen's Hall, U. I."
Ibadan-North,Bodija,200221,Sultan Bello Hall
Ibadan-North,Bodija,200221,U. I.
Ibadan-North,Bodija,200221,"Mellanby/Tedder Halls, U. I."
Ibadan-North,Bodija,200221,"Namdi Azikwe Hall, U. I. I"
Ibadan-North,Bodija,200221,"Namdi Azikwe Hall, U. I. II"
Ibadan-North,Bodija,200221,"Independence Hall, U. I."
Ibadan-North,Bodija,200221,"Idia Hall, U. I."
Ibadan-North,Bodija,200221,"Awolowo Hall, U. I."
Ibadan-North,Bodija,200221,"Postal Agency, Abadina"
Ibadan-North,Bodija,200221,"Abadina Primary School, U. I."
Ibadan-North,Bodija,200221,"Mechanic Village, Samonda"
Ibadan-North,Bodija,200221,"Along Adeoye Street, Agbowo"
Ibadan-North,Bodija,200221,In Front Of Barika Hotel
Ibadan-North,Bodija,200221,Along Ajetunmobi Street
Ibadan-North,Bodija,200221,Ansarudeen I
Ibadan-North,Bodija,200221,Ansarudeen II
Ibadan-North,Bodija,200221,Opposite Ajegunle Baptist Church
Ibadan-North,Bodija,200221,"Beside 2 Brothers, Ojokondo"
Ibadan-North,Bodija,200221,"Nepa Transformer, Agbowo"
Ibadan-North,Bodija,200221,"St. Thomas Primary School, Agbowo"
Ibadan-North,Bodija,200221,Beside Ike-Oluwa Mosque
Ibadan-North,Bodija,200221,"Irawo Junction, Agbowo"
Ibadan-North,Bodija,200221,Aba Apata I
Ibadan-North,Bodija,200221,Aba Apata II
Ibadan-North,Bodija,200221,In Front Of New Apostolic Church
Ibadan-North,Bodija,200221,Alhaji Salawu Sanusi Street I
Ibadan-North,Bodija,200221,Alhaji Salawu Sanusi Street II
Ibadan-North,Bodija,200221,"Zonal Health Centre, Bodija I"
Ibadan-North,Bodija,200221,"Zonal Health Centre, Bodija II"
Ibadan-North,Bodija,200221,"Zonal Health Centre, Bodija"
Ibadan-North,Bodija,200221,"Ogunyase Street, Agbowo"
Ibadan-North,Bodija,200221,Farayola Street I
Ibadan-North,Bodija,200221,Farayola Street II
Ibadan-North,Bodija,200221,Tunakin Photo
Ibadan-North,Bodija,200221,Kara Bodija
Ibadan-North,Bodija,200221,League Of Imams
Ibadan-North,Bodija,200221,In Front Of Orisun Catering
Ibadan-North,Bodija,200221,Opposite Gooddy Technical
Ibadan-North,Bodija,200221,"Irepodun Street, Near Goddy"
Ibadan-North,Bodija,200221,Iyana Bodija Along Express
Ibadan-North,Bodija,200221,"Conference Hall, Bodija"
Ibadan-North,Bodija,200221,"Methodist School I, Bodija"
Ibadan-North,Bodija,200221,Olive Primary School
Ibadan-North,Bodija,200221,Alhaji Ewenla Street
Ibadan-North,Bodija,200221,Back Of Agbowo Shopping Complex
Ibadan-North,Bodija,200221,Iso Pako Bodija
Ibadan-North,Bodija,200221,Bodija Market/Express Junction
Ibadan-North,Bodija,200221,"Yidi Praying Ground, Apata"
Ibadan-North,Bodija,200221,Adedokun Street
Ibadan-North,Bodija,200221,Beside Celestial Church Near Yemoja Stream (Agbowo)
Ibadan-North,Bodija,200221,Akinbode Street (Agbowo)
Ibadan-North-East,Iwo Road,200223,Akintayo's Compound I
Ibadan-North-East,Iwo Road,200223,Akintayo's Compound II
Ibadan-North-East,Iwo Road,200223,Akinyele's Compound I
Ibadan-North-East,Iwo Road,200223,Akinyele's Compound II
Ibadan-North-East,Iwo Road,200223,Bioku's Compound
Ibadan-North-East,Iwo Road,200223,Ile Onimo Isale Osun
Ibadan-North-East,Iwo Road,200223,Ita Baale Olugbode I
Ibadan-North-East,Iwo Road,200223,Ita Baale Olugbode II
Ibadan-North-East,Iwo Road,200223,Labiran Compound
Ibadan-North-East,Iwo Road,200223,Odo Osun Compound I
Ibadan-North-East,Iwo Road,200223,Odo Osun Compound II
Ibadan-North-East,Iwo Road,200223,Open Space Odo Osun Compound
Ibadan-North-East,Iwo Road,200223,Olubodun's Compound
Ibadan-North-East,Iwo Road,200223,Open Space Beyerunka I
Ibadan-North-East,Iwo Road,200223,Open Space Between Beyerunka Alafara Bridge
Ibadan-North-East,Iwo Road,200223,Open Space Beyerunka II
Ibadan-North-East,Iwo Road,200223,Olugbode's Compound
Ibadan-North-East,Iwo Road,200223,Adepo's Compound I
Ibadan-North-East,Iwo Road,200223,Adepo's Compound II
Ibadan-North-East,Iwo Road,200223,Ogboriefon's Compound I
Ibadan-North-East,Iwo Road,200223,Ogboriefon's Compound II
Ibadan-North-East,Iwo Road,200223,Ogboriefon's Compound III
Ibadan-North-East,Iwo Road,200223,Ogboriefon's Compound IV
Ibadan-North-East,Iwo Road,200223,Jenriyin's Compound I
Ibadan-North-East,Iwo Road,200223,Jenriyin's Compound II
Ibadan-North-East,Iwo Road,200223,Jenriyin's Compound III
Ibadan-North-East,Iwo Road,200223,Osa Oko I
Ibadan-North-East,Iwo Road,200223,Osa Oko II
Ibadan-North-East,Iwo Road,200223,Alagba's Compound Ojagbo I
Ibadan-North-East,Iwo Road,200223,Alagba's Compound Ojagbo II
Ibadan-North-East,Iwo Road,200223,Open Space Near Aiku's Compound
Ibadan-North-East,Iwo Road,200223,Space At The Back Of Adeyelu
Ibadan-North-East,Iwo Road,200223,Space Beside Akoju's Compound
Ibadan-North-East,Iwo Road,200223,Space In Front Alapafon
Ibadan-North-East,Iwo Road,200223,Open Space In Front Of Arolu's Compound
Ibadan-North-East,Iwo Road,200223,Open Space Beside Ogundipe
Ibadan-North-East,Iwo Road,200223,Open Space Jagun's Compound I
Ibadan-North-East,Iwo Road,200223,Open Space Jagun's Compound II
Ibadan-North-East,Iwo Road,200223,"Open Space Idi-Ose, Ojagbo"
Ibadan-North-East,Iwo Road,200223,Space In Front Of Mato's Compound
Ibadan-North-East,Iwo Road,200223,Open Space Onideure
Ibadan-North-East,Iwo Road,200223,Space In Front Olunlade's Compound I
Ibadan-North-East,Iwo Road,200223,Space In Front Olunlade's Compound II
Ibadan-North-East,Iwo Road,200223,Abioye's Compound
Ibadan-North-East,Iwo Road,200223,"Adelagun Primary School, Gbelekale I"
Ibadan-North-East,Iwo Road,200223,"Adelagun Primary School, Gbelekale II"
Ibadan-North-East,Iwo Road,200223,"Agbatiolese Kosodo, Ojagbo I"
Ibadan-North-East,Iwo Road,200223,"Agbatiolese Kosodo, Ojagbo II"
Ibadan-North-East,Iwo Road,200223,Open Space Beside Agbongun
Ibadan-North-East,Iwo Road,200223,Open Space At Ajegunle's Compound
Ibadan-North-East,Iwo Road,200223,Space Near Ajegunle Olomoyoyo
Ibadan-North-East,Iwo Road,200223,Open Space At Aladorin Aremo
Ibadan-North-East,Iwo Road,200223,"Space In Front Of Asani Obisesan House, Aperin I"
Ibadan-North-East,Iwo Road,200223,"Space In Front Of Asani Obisesan House, Aperin II"
Ibadan-North-East,Iwo Road,200223,Boripe Area I
Ibadan-North-East,Iwo Road,200223,Boripe Area II
Ibadan-North-East,Iwo Road,200223,"Islamic Primary School, Gbelekale I"
Ibadan-North-East,Iwo Road,200223,"Islamic Primary School, Gbelekale II"
Ibadan-North-East,Iwo Road,200223,Open Space Beside Gbelekale
Ibadan-North-East,Iwo Road,200223,Idi-Orogbo - Adekile
Ibadan-North-East,Iwo Road,200223,"Open Space At Ile Elepo, Aremo"
Ibadan-North-East,Iwo Road,200223,"Open Space Near Ile Iyasanyin, Ojagbo"
Ibadan-North-East,Iwo Road,200223,"Ilupeju's Open Space, Adekile"
Ibadan-North-East,Iwo Road,200223,Jegede's Compound
Ibadan-North-East,Iwo Road,200223,Labosinde Omowumi Area 8 I
Ibadan-North-East,Iwo Road,200223,Labosinde Omowumi Area 8 II
Ibadan-North-East,Iwo Road,200223,Labosinde Omowumi Area 8 III
Ibadan-North-East,Iwo Road,200223,"I. M. G. School, Ladunni"
Ibadan-North-East,Iwo Road,200223,Lamidi's Compound I
Ibadan-North-East,Iwo Road,200223,Lamidi's Compound II
Ibadan-North-East,Iwo Road,200223,Oriade Bakery
Ibadan-North-East,Iwo Road,200223,Ogboriefon Orita Aperin
Ibadan-North-East,Iwo Road,200223,"Olubadan High School, Aperin I"
Ibadan-North-East,Iwo Road,200223,"Olubadan High School, Aperin II"
Ibadan-North-East,Iwo Road,200223,Space In Front Of Oluyoola House
Ibadan-North-East,Iwo Road,200223,Open Space Ogboriefon Adekile
Ibadan-North-East,Iwo Road,200223,Ratibi Primary School
Ibadan-North-East,Iwo Road,200223,Space In Front Of Shop Merin Koloko
Ibadan-North-East,Iwo Road,200223,Ratibi Primary School I
Ibadan-North-East,Iwo Road,200223,Ratibi Primary School II
Ibadan-North-East,Iwo Road,200223,"Open Space Beside Chief Adeosun's House, Labiran"
Ibadan-North-East,Iwo Road,200223,Open Space Of Aderogba Compound
Ibadan-North-East,Iwo Road,200223,Open Space Near Aderogba Isale Aifa
Ibadan-North-East,Iwo Road,200223,Open Space At Aderogba Compound
Ibadan-North-East,Iwo Road,200223,"Open Space At Aderogba, Labiran"
Ibadan-North-East,Iwo Road,200223,"Open Space Beside Atari Agbon, Labiran"
Ibadan-North-East,Iwo Road,200223,Open Space Around Beyerunka Junction I
Ibadan-North-East,Iwo Road,200223,Open Space Around Beyerunka Junction II
Ibadan-North-East,Iwo Road,200223,Open Space Beside Igbaro Mosque
Ibadan-North-East,Iwo Road,200223,"Open Space Behind Petrol Station, Labiran"
Ibadan-North-East,Iwo Road,200223,Open Space Beside Osunware's House
Ibadan-North-East,Iwo Road,200223,"Open Space In Front Of Alhaji Basorun's House, Alafara Oje 1"
Ibadan-North-East,Iwo Road,200223,"Open Space In Front Of Alhaji Basorun's House, Alafara Oje 2"
Ibadan-North-East,Iwo Road,200223,"Open Space Beside Chief Akinade's House, Oje I"
Ibadan-North-East,Iwo Road,200223,"Open Space Beside Chief Akinade's House, Oje II"
Ibadan-North-East,Iwo Road,200223,Open Space Ilepo Aderinto I
Ibadan-North-East,Iwo Road,200223,Open Space Ilepo Aderinto II
Ibadan-North-East,Iwo Road,200223,Open Space Ile Olugbodi
Ibadan-North-East,Iwo Road,200223,"Iso Ologede, Oje Market"
Ibadan-North-East,Iwo Road,200223,"I. M. G. Primary School, Oje I"
Ibadan-North-East,Iwo Road,200223,"I. M. G. Primary School, Oje II"
Ibadan-North-East,Iwo Road,200223,Space Beside Aborisade's Compound
Ibadan-North-East,Iwo Road,200223,Alafara Olubadan I
Ibadan-North-East,Iwo Road,200223,Alafara Maternity
Ibadan-North-East,Iwo Road,200223,Alafara Olubadan II
Ibadan-North-East,Iwo Road,200223,Space Beside Amosun's Compound
Ibadan-North-East,Iwo Road,200223,Aremo Store
Ibadan-North-East,Iwo Road,200223,"Space Beside Primary School, Aremo"
Ibadan-North-East,Iwo Road,200223,H. L. A. Aremo Primary School I
Ibadan-North-East,Iwo Road,200223,H. L. A. Aremo Primary School II
Ibadan-North-East,Iwo Road,200223,H. L. A. Aremo Primary School III
Ibadan-North-East,Iwo Road,200223,Atipe Junction I
Ibadan-North-East,Iwo Road,200223,Atipe Junction II
Ibadan-North-East,Iwo Road,200223,Space In Front Idi Radio
Ibadan-North-East,Iwo Road,200223,"Elekunkun Street, Ajegede"
Ibadan-North-East,Iwo Road,200223,Space Beside Lawyer Gbenla's House
Ibadan-North-East,Iwo Road,200223,Space Infront Idi Radio
Ibadan-North-East,Iwo Road,200223,Ile Aborisade's Compound
Ibadan-North-East,Iwo Road,200223,Ile Ago
Ibadan-North-East,Iwo Road,200223,Open Space Adepele Area
Ibadan-North-East,Iwo Road,200223,"Open Space Around Alalubosa, Ode-Aje I"
Ibadan-North-East,Iwo Road,200223,"Open Space Around Alalubosa, Ode-Aje II"
Ibadan-North-East,Iwo Road,200223,"Asunle, Aremo Junction"
Ibadan-North-East,Iwo Road,200223,"Dispensary, Aremo I"
Ibadan-North-East,Iwo Road,200223,"Dispensary, Aremo II"
Ibadan-North-East,Iwo Road,200223,St. Peter's Aremo I
Ibadan-North-East,Iwo Road,200223,St. Peter's Aremo II
Ibadan-North-East,Iwo Road,200223,Open Space Idi Aka Babasale I
Ibadan-North-East,Iwo Road,200223,Open Space Idi Aka Babasale II
Ibadan-North-East,Iwo Road,200223,"Open Space Ile Eja, Ode-Aje I"
Ibadan-North-East,Iwo Road,200223,"Open Space Ile Eja, Ode-Aje II"
Ibadan-North-East,Iwo Road,200223,"Islamic Primary School, Ode-Aje I"
Ibadan-North-East,Iwo Road,200223,"Islamic Primary School, Ode-Aje II"
Ibadan-North-East,Iwo Road,200223,"I. M. G. Primary School, Ode Aje I"
Ibadan-North-East,Iwo Road,200223,"I. M. G. Primary School, Ode Aje II"
Ibadan-North-East,Iwo Road,200223,"I. M. G. Primary School, Ode Aje III"
Ibadan-North-East,Iwo Road,200223,"Outer Premises I. M. G., Ode Aje"
Ibadan-North-East,Iwo Road,200223,"Open Space Around Islamic Primary School, Ode-Aje I"
Ibadan-North-East,Iwo Road,200223,"Open Space Around Islamic Primary School, Ode-Aje II"
Ibadan-North-East,Iwo Road,200223,"Open Space Around Islamic Primary School, Ode-Aje III"
Ibadan-North-East,Iwo Road,200223,Ode Aje Ololu
Ibadan-North-East,Iwo Road,200223,"C & S School, Oje Olokun I"
Ibadan-North-East,Iwo Road,200223,"C & S School, Oje Olokun II"
Ibadan-North-East,Iwo Road,200223,"C & S School, Oje Olokun III"
Ibadan-North-East,Iwo Road,200223,Open Space Okuseinde
Ibadan-North-East,Iwo Road,200223,"Open Space Olorunfemi Compound, Atipe"
Ibadan-North-East,Iwo Road,200223,"St. Mary Primary School, Oluyoro I"
Ibadan-North-East,Iwo Road,200223,"St. Mary Primary School, Oluyoro II"
Ibadan-North-East,Iwo Road,200223,Open Space Around Olusoji's Compound
Ibadan-North-East,Iwo Road,200223,"St. Cyprian School, Oluyoro I"
Ibadan-North-East,Iwo Road,200223,"St. Cyprian School, Oluyoro II"
Ibadan-North-East,Iwo Road,200223,Space Around St. Mary Primary School I
Ibadan-North-East,Iwo Road,200223,Space Around St. Mary Primary School II
Ibadan-North-East,Iwo Road,200223,"Christ The King Primary School, Agugu I"
Ibadan-North-East,Iwo Road,200223,"Christ The King Primary School, Agugu II"
Ibadan-North-East,Iwo Road,200223,"Christ The King Primary School, Agugu III"
Ibadan-North-East,Iwo Road,200223,"I. M. G. School, Agugu I"
Ibadan-North-East,Iwo Road,200223,"I. M. G. School, Agugu II"
Ibadan-North-East,Iwo Road,200223,"Community Primary School, Ayekale I"
Ibadan-North-East,Iwo Road,200223,"Community Primary School, Ayekale II"
Ibadan-North-East,Iwo Road,200223,"Open Space, Ayekale I"
Ibadan-North-East,Iwo Road,200223,"Open Space, Ayekale II"
Ibadan-North-East,Iwo Road,200223,"Open Space, Ayekale III"
Ibadan-North-East,Iwo Road,200223,"United Secondary School, Idi Obi I"
Ibadan-North-East,Iwo Road,200223,"United Secondary School, Idi Obi II"
Ibadan-North-East,Iwo Road,200223,"United Secondary School, Idi Obi III"
Ibadan-North-East,Iwo Road,200223,"Open Space, Idi Obi, Alakara Junction I"
Ibadan-North-East,Iwo Road,200223,"Open Space Idi Obi, Alakara Junction II"
Ibadan-North-East,Iwo Road,200223,"Ilupeju, Idi Obi"
Ibadan-North-East,Iwo Road,200223,"Ire Akari, Agugu"
Ibadan-North-East,Iwo Road,200223,"Around Arabic School, Isale Yidi Lanase I"
Ibadan-North-East,Iwo Road,200223,"Around Arabic School, Isale Yidi Lanase II"
Ibadan-North-East,Iwo Road,200223,"Open Space, Iyana Idiroko"
Ibadan-North-East,Iwo Road,200223,"Koloko, Idi Araba"
Ibadan-North-East,Iwo Road,200223,Lagelu Grammar School I
Ibadan-North-East,Iwo Road,200223,Lagelu Grammar School II
Ibadan-North-East,Iwo Road,200223,Oke Badan High School
Ibadan-North-East,Iwo Road,200223,Oke Badan Near Adeyemo's Compound
Ibadan-North-East,Iwo Road,200223,"Open Space, Ologbojo I"
Ibadan-North-East,Iwo Road,200223,"Open Space, Ologbojo II"
Ibadan-North-East,Iwo Road,200223,"Queen Of Apostle, Oluyoro I"
Ibadan-North-East,Iwo Road,200223,"Queen Of Apostle, Oluyoro II"
Ibadan-North-East,Iwo Road,200223,"Queen Of Apostle, Oluyoro III"
Ibadan-North-East,Iwo Road,200223,In Front Of Police Station I
Ibadan-North-East,Iwo Road,200223,In Front Of Police Station II
Ibadan-North-East,Iwo Road,200223,In Front Of Police Station III
Ibadan-North-East,Iwo Road,200223,Renascent High School I
Ibadan-North-East,Iwo Road,200223,Renascent High School II
Ibadan-North-East,Iwo Road,200223,"Open Space Shop Merin, Koloko I"
Ibadan-North-East,Iwo Road,200223,"Open Space Shop Merin, Koloko II"
Ibadan-North-East,Iwo Road,200223,"Open Space Shop Merin, Koloko III"
Ibadan-North-East,Iwo Road,200223,Open Space Elero Meta
Ibadan-North-East,Iwo Road,200223,Ile Delesolu
Ibadan-North-East,Iwo Road,200223,Ile Egunjenmi
Ibadan-North-East,Iwo Road,200223,Ile Ogundipe
Ibadan-North-East,Iwo Road,200223,Ile Ponki
Ibadan-North-East,Iwo Road,200223,Space Beside Irefin Palace I
Ibadan-North-East,Iwo Road,200223,Space Beside Irefin Palace II
Ibadan-North-East,Iwo Road,200223,Space Beside Irefin Palace III
Ibadan-North-East,Iwo Road,200223,Space Beside Irefin Palace IV
Ibadan-North-East,Iwo Road,200223,"C. A. C. School, Irefin"
Ibadan-North-East,Iwo Road,200223,"Public Toilet, Area Oje"
Ibadan-North-East,Iwo Road,200223,Oje Maternity I
Ibadan-North-East,Iwo Road,200223,Oje Maternity II
Ibadan-North-East,Iwo Road,200223,Open Space Oloro Mosque I
Ibadan-North-East,Iwo Road,200223,Open Space Oloro Mosque II
Ibadan-North-East,Iwo Road,200223,"I. M. G. School, Onikokoro"
Ibadan-North-East,Iwo Road,200223,Space At Abayomi Bus Stop I
Ibadan-North-East,Iwo Road,200223,Space At Abayomi Bus Stop II
Ibadan-North-East,Iwo Road,200223,Space At Abayomi Bus Stop III
Ibadan-North-East,Iwo Road,200223,Space At Abayomi Bus Stop IV
Ibadan-North-East,Iwo Road,200223,Open Space Agbaakin
Ibadan-North-East,Iwo Road,200223,"Space Along Alayaki Street, Iwo Road I"
Ibadan-North-East,Iwo Road,200223,"Space Along Alayaki Street, Iwo Road II"
Ibadan-North-East,Iwo Road,200223,Army Children Primary School I
Ibadan-North-East,Iwo Road,200223,Army Children Primary School II
Ibadan-North-East,Iwo Road,200223,Army Children Primary School III
Ibadan-North-East,Iwo Road,200223,Army Children Primary School IV
Ibadan-North-East,Iwo Road,200223,Army Children Primary School V
Ibadan-North-East,Iwo Road,200223,Army Children Primary School VI
Ibadan-North-East,Iwo Road,200223,"Open Space Along Atele Street, Iwo Road I"
Ibadan-North-East,Iwo Road,200223,"Open Space Along Atele Street, Iwo Road II"
Ibadan-North-East,Iwo Road,200223,Bankole's House I
Ibadan-North-East,Iwo Road,200223,Bankole's House II
Ibadan-North-East,Iwo Road,200223,Basorun High School I
Ibadan-North-East,Iwo Road,200223,Basorun High School II
Ibadan-North-East,Iwo Road,200223,Basorun High School III
Ibadan-North-East,Iwo Road,200223,Bode Wasinmi
Ibadan-North-East,Iwo Road,200223,Idi-Ape
Ibadan-North-East,Iwo Road,200223,Open Space Around Idi Ape Playing Ground I
Ibadan-North-East,Iwo Road,200223,Open Space Around Idi Ape Playing Ground II
Ibadan-North-East,Iwo Road,200223,Iwo Road Police Station Area I
Ibadan-North-East,Iwo Road,200223,Iwo Road Police Station Area II
Ibadan-North-East,Iwo Road,200223,Iwo Road Police Station Area III
Ibadan-North-East,Iwo Road,200223,"Angle 90, Iwo Road"
Ibadan-North-East,Iwo Road,200223,Open Space Around Jamb Office
Ibadan-North-East,Iwo Road,200223,"Open Space Around Kumapayi Street, Iwo Road I"
Ibadan-North-East,Iwo Road,200223,"Open Space Around Kumapayi Street, Iwo Road II"
Ibadan-North-East,Iwo Road,200223,"Open Space Around Kumapayi Street, Iwo Road III"
Ibadan-North-East,Iwo Road,200223,"Open Space Around Kumapayi Street, Iwo Road IV"
Ibadan-North-East,Iwo Road,200223,"Open Space Around Kumapayi Street, Iwo Road V"
Ibadan-North-East,Iwo Road,200223,Space Around Lagos Motor Park
Ibadan-North-East,Iwo Road,200223,Olorombo I
Ibadan-North-East,Iwo Road,200223,Olorombo II
Ibadan-North-East,Iwo Road,200223,St. Paul's Yanbule
Ibadan-North-East,Iwo Road,200223,H. L. A. School I
Ibadan-North-East,Iwo Road,200223,H. L. A. School II
Ibadan-North-East,Iwo Road,200223,"Space In Front Of Abc Chemist, Agodi"
Ibadan-North-East,Iwo Road,200223,"Space Beside Customary Court, Agodi"
Ibadan-North-East,Iwo Road,200223,Space In Front Of Aliwo Compound I
Ibadan-North-East,Iwo Road,200223,Space In Front Of Aliwo Compound II
Ibadan-North-East,Iwo Road,200223,Agodi Motor Park
Ibadan-North-East,Iwo Road,200223,Apete Amulegbodo Old Ife Road
Ibadan-North-East,Iwo Road,200223,"Green Spring, Ibadan I"
Ibadan-North-East,Iwo Road,200223,"Green Spring, Ibadan II"
Ibadan-North-East,Iwo Road,200223,"Holy Trinity, Ibadan I"
Ibadan-North-East,Iwo Road,200223,"Holy Trinity, Ibadan II"
Ibadan-North-East,Iwo Road,200223,"I. K. Dairo Street, Old Ife Road"
Ibadan-North-East,Iwo Road,200223,Loyola College I
Ibadan-North-East,Iwo Road,200223,Loyola College II
Ibadan-North-East,Iwo Road,200223,"Methodist School, E9 I"
Ibadan-North-East,Iwo Road,200223,"Methodist School, E9 II"
Ibadan-North-East,Iwo Road,200223,"Space In Front Of Ogunwolu, Isale Agbede"
Ibadan-North-East,Iwo Road,200223,Space Around Oke Adu Hall
Ibadan-North-East,Iwo Road,200223,Space Around Oke Adu Mosque
Ibadan-North-East,Iwo Road,200223,"Space Oke Adu, Okekoto, Gbenla I"
Ibadan-North-East,Iwo Road,200223,"Space Oke Adu, Okekoto, Gbenla II"
Ibadan-North-East,Iwo Road,200223,"Seventh Day Primary School, Old Ife Road"
Ibadan-North-East,Iwo Road,200223,"Entrance To Catholic Hospital, Oluyoro I"
Ibadan-North-East,Iwo Road,200223,"Entrance To Catholic Hospital, Oluyoro II"
Ibadan-North-East,Iwo Road,200223,"Onipasan Area, Ibadan I"
Ibadan-North-East,Iwo Road,200223,"Onipasan Area, Ibadan II"
Ibadan-North-East,Iwo Road,200223,"Onipasan Area, Ibadan III"
Ibadan-North-East,Iwo Road,200223,"Onipasan Area, Ibadan IV"
Ibadan-North-East,Iwo Road,200223,Onipepeye I
Ibadan-North-East,Iwo Road,200223,Onipepeye II
Ibadan-North-East,Iwo Road,200223,"Space Around Yidi Gate, Agodi I"
Ibadan-North-East,Iwo Road,200223,"Space Around Yidi Gate, Agodi II"
Ibadan-North-East,Iwo Road,200223,"Space Around Yidi Gate, Agodi III"
Ibadan-South-West,Onireke,200272,Abere Junction I
Ibadan-South-West,Onireke,200272,Abere Junction II
Ibadan-South-West,Onireke,200272,Alekuso Compound
Ibadan-South-West,Onireke,200272,Asipa Sango After Bridge
Ibadan-South-West,Onireke,200272,Asipa Sango Oritamerin I
Ibadan-South-West,Onireke,200272,Asipa Sango Oritamerin II
Ibadan-South-West,Onireke,200272,Idi-Omo Pamoya I
Ibadan-South-West,Onireke,200272,Idi-Omo Pamoya II
Ibadan-South-West,Onireke,200272,Laniba Compound I
Ibadan-South-West,Onireke,200272,Laniba Compound II
Ibadan-South-West,Onireke,200272,Okunola Iwere
Ibadan-South-West,Onireke,200272,Okutoro Compound
Ibadan-South-West,Onireke,200272,"Agbaje Primary School, Ayeye I"
Ibadan-South-West,Onireke,200272,"Agbaje Primary School, Ayeye II"
Ibadan-South-West,Onireke,200272,Behind Agip Station Orita Merin
Ibadan-South-West,Onireke,200272,Durosaro's Compound
Ibadan-South-West,Onireke,200272,Near Omo's Radio I
Ibadan-South-West,Onireke,200272,Near Omo's Radio II
Ibadan-South-West,Onireke,200272,Ojoo Bus Stop Orita Merin
Ibadan-South-West,Onireke,200272,Olota Compound Agbeni
Ibadan-South-West,Onireke,200272,Open Space Ella's Compound
Ibadan-South-West,Onireke,200272,"Open Space, Ololo Compound I"
Ibadan-South-West,Onireke,200272,"Open Space, Ololo Compound II"
Ibadan-South-West,Onireke,200272,"Along Agbaje Road, Agbeni I"
Ibadan-South-West,Onireke,200272,"Along Agbaje Road, Agbeni II"
Ibadan-South-West,Onireke,200272,"Along Ibikunle's Compound, Ayeye"
Ibadan-South-West,Onireke,200272,"Along Ogunpa River, Amunigun"
Ibadan-South-West,Onireke,200272,Around Amunigun Compound
Ibadan-South-West,Onireke,200272,Infront Of Adebisi Compound
Ibadan-South-West,Onireke,200272,Space Lakondoro's Compound I
Ibadan-South-West,Onireke,200272,Lagbeja's House
Ibadan-South-West,Onireke,200272,Akilapa's House
Ibadan-South-West,Onireke,200272,Open Space Ibikunle's Palace I
Ibadan-South-West,Onireke,200272,Open Space Ibikunle's Palace II
Ibadan-South-West,Onireke,200272,Open Space Laboopo Amunigun
Ibadan-South-West,Onireke,200272,Opposite Alarape Busari's House
Ibadan-South-West,Onireke,200272,"Sacred Heart School, Idikan"
Ibadan-South-West,Onireke,200272,Space Along Ogunlefi Orieru
Ibadan-South-West,Onireke,200272,Space Lakondoro's Compound II
Ibadan-South-West,Onireke,200272,"Space Oota Compound, Idikan"
Ibadan-South-West,Onireke,200272,Near Lawyer's House Oke Padre
Ibadan-South-West,Onireke,200272,Open Space Ariyibi's Compound Mecho Shop
Ibadan-South-West,Onireke,200272,Open Space Ande's House Yeosa
Ibadan-South-West,Onireke,200272,Open Space Alapa Compound
Ibadan-South-West,Onireke,200272,Open Space Okeseni I
Ibadan-South-West,Onireke,200272,Open Space Okeseni II
Ibadan-South-West,Onireke,200272,"Open Space First Baptist School, Idikan I"
Ibadan-South-West,Onireke,200272,"Open Space First Baptist School, Idikan II"
Ibadan-South-West,Onireke,200272,Open Space Adebayo Nursery School
Ibadan-South-West,Onireke,200272,Open Space Obadara's House
Ibadan-South-West,Onireke,200272,Opposite Adagbada's House
Ibadan-South-West,Onireke,200272,Space Near Akinyemi's House
Ibadan-South-West,Onireke,200272,Space Near Jalaruru's Compound
Ibadan-South-West,Onireke,200272,"St. Michael Primary School, Okeseni"
Ibadan-South-West,Onireke,200272,Along Araromi Behind The Stream - Oke Padre
Ibadan-South-West,Onireke,200272,Along Road To Ladapo's House I
Ibadan-South-West,Onireke,200272,Along Road To Ladapo's House II
Ibadan-South-West,Onireke,200272,At Asadele's Compound Abebi
Ibadan-South-West,Onireke,200272,"At Idiagbon And Oloya's Compound, Abebi"
Ibadan-South-West,Onireke,200272,"At Olorode Compound, Abebi"
Ibadan-South-West,Onireke,200272,"In Front Of St. Patrick, Abebi"
Ibadan-South-West,Onireke,200272,Lakondoro's Compound Lane (327)
Ibadan-South-West,Onireke,200272,Open Space Adeyemo Owonbuwo - Yeosa
Ibadan-South-West,Onireke,200272,"Open Space, Ile Adeyemo Owonbuwo"
Ibadan-South-West,Onireke,200272,"Open Space, Ile Yeosa Junction"
Ibadan-South-West,Onireke,200272,Open Space Ladapo's House
Ibadan-South-West,Onireke,200272,"Open Space Obe's House, Yeosa"
Ibadan-South-West,Onireke,200272,"Opposite Alanu Nursery School, Abebi"
Ibadan-South-West,Onireke,200272,"Space Around Daily Times, Abebi I"
Ibadan-South-West,Onireke,200272,"Space Around Daily Times, Abebi II"
Ibadan-South-West,Onireke,200272,St. Mary Catholic School I
Ibadan-South-West,Onireke,200272,St. Mary Catholic School II
Ibadan-South-West,Onireke,200272,St. Mary Catholic School III
Ibadan-South-West,Onireke,200272,"St. Patrick School, Abebi I"
Ibadan-South-West,Onireke,200272,"St. Patrick School, Abebi II"
Ibadan-South-West,Onireke,200272,"Arena Club, Lemomu Street I"
Ibadan-South-West,Onireke,200272,"Arena Club, Lemomu Street II"
Ibadan-South-West,Onireke,200272,"In Front Akinsanmi's House, Ekotedo I"
Ibadan-South-West,Onireke,200272,"In Front Akinsanmi's House, Ekotedo II"
Ibadan-South-West,Onireke,200272,"In Front Of Oni's House, Ekotedo I"
Ibadan-South-West,Onireke,200272,"In Front Of Oni's House, Ekotedo II"
Ibadan-South-West,Onireke,200272,"In Front Of Queens Cinema, Ekotedo I"
Ibadan-South-West,Onireke,200272,"In Front Of Queens Cinema, Ekotedo II"
Ibadan-South-West,Onireke,200272,Iya Olobe Junction
Ibadan-South-West,Onireke,200272,Late Baale Omole's House Idi-Oro
Ibadan-South-West,Onireke,200272,"Open Space Idi-Oro, Ekotedo"
Ibadan-South-West,Onireke,200272,"Opposite Agip Petrol Station, Oke Padre"
Ibadan-South-West,Onireke,200272,"U. N. A. School, Ekotedo I"
Ibadan-South-West,Onireke,200272,"U. N. A. School, Ekotedo II"
Ibadan-South-West,Onireke,200272,At Ladeji's Compound Nalende
Ibadan-South-West,Onireke,200272,Ayo Olu Printing Press I
Ibadan-South-West,Onireke,200272,Ayo Olu Printing Press II
Ibadan-South-West,Onireke,200272,"Baptist School, Nalende"
Ibadan-South-West,Onireke,200272,Ebenezer Primary School I
Ibadan-South-West,Onireke,200272,Ebenezer Primary School II
Ibadan-South-West,Onireke,200272,Near Joseph's Primary School
Ibadan-South-West,Onireke,200272,Open Space Nalende Road (Ode Oolo)
Ibadan-South-West,Onireke,200272,Open Space Oju Abere
Ibadan-South-West,Onireke,200272,"Sacred Heart Convent School, Nalende"
Ibadan-South-West,Onireke,200272,Space At Atowoda Nalede I
Ibadan-South-West,Onireke,200272,Space At Atowoda Nalende II
Ibadan-South-West,Onireke,200272,Space At Omitowoju I
Ibadan-South-West,Onireke,200272,Space At Omitowoju II
Ibadan-South-West,Onireke,200272,Space Near Maternity Centre
Ibadan-South-West,Onireke,200272,St. Joseph's Primary School
Ibadan-South-West,Onireke,200272,Along Akintola Road
Ibadan-South-West,Onireke,200272,Around Afonta Layout Onireke
Ibadan-South-West,Onireke,200272,In Front Of Saviour Apostolic Akintola Road I
Ibadan-South-West,Onireke,200272,In Front Of Saviour Apostolic Akintola Road II
Ibadan-South-West,Onireke,200272,"Methodist School Akintola Road, Ekotedo"
Ibadan-South-West,Onireke,200272,Open Space Beside Lekan Salami Amusement Park
Ibadan-South-West,Onireke,200272,"Open Space Shalom Nursery School, Onireke"
Ibadan-South-West,Onireke,200272,"Saviour Apostolic Church, Akintola Road"
Ibadan-South-West,Onireke,200272,Space Around Onireke Health Centre
Ibadan-South-West,Onireke,200272,Alhaji Bello Street Mecho's Workshop
Ibadan-South-West,Onireke,200272,Along Animasaun Street
Ibadan-South-West,Onireke,200272,"Along Barracks Road, Polo Junction"
Ibadan-South-West,Onireke,200272,Along Dumoye Street
Ibadan-South-West,Onireke,200272,Along Fan Milk School Of Nursing Road
Ibadan-South-West,Onireke,200272,Along T. C. T. C. Road
Ibadan-South-West,Onireke,200272,Around Post Office Eleyele
Ibadan-South-West,Onireke,200272,Beside Isabel Private School
Ibadan-South-West,Onireke,200272,Eleyele Grammar School
Ibadan-South-West,Onireke,200272,Idi-Ope Eleyele Road (Right Side)
Ibadan-South-West,Onireke,200272,Idi-Ope Market Eleyele
Ibadan-South-West,Onireke,200272,Space At School's Board Jericho I
Ibadan-South-West,Onireke,200272,"Space At School Board, Jericho II"
Ibadan-South-West,Onireke,200272,"St. Richard Primary School, Jericho"
Ibadan-South-West,Onireke,200272,Yusuf Avenue Junction Nihort Road
Ibadan-South-West,Onireke,200272,Aba Idi Osan
Ibadan-South-West,Onireke,200272,"Along Animasaun Street, Babalegba"
Ibadan-South-West,Onireke,200272,Anwar-Ul-Islam Grammar School
Ibadan-South-West,Onireke,200272,Anwar-Ul-Islam Primary School
Ibadan-South-West,Onireke,200272,Garrage Near Aska Paint
Ibadan-South-West,Onireke,200272,In Front Of Anwar-Ul-Islam Grammar School
Ibadan-South-West,Onireke,200272,In Front Of Anwar-Ul-Islam Primary School
Ibadan-South-West,Onireke,200272,Olopomewa Recreation Centre
Ibadan-South-West,Onireke,200272,Space Along Abibu Oki Street
Ibadan-South-West,Onireke,200272,"Space Along Olopomewa B/Stop, Eleyele"
Ibadan-South-West,Onireke,200272,Open Space Along Obokun Street
Ibadan-South-West,Onireke,200272,Space Around Arometa Junction
Ibadan-South-West,Onireke,200272,Space At Lister Area
Ibadan-South-West,Onireke,200272,Space Beside Oluseyi Bus Stop
Ibadan-South-West,Onireke,200272,Space Beside's The Car Wash Area
Ibadan-South-West,Onireke,200272,Space Opp. Water Works
Ibadan-South-East,Mapo,200002,Opposite Oranyan Mat. Centre
Ibadan-South-East,Mapo,200002,Ayorinde's Compound
Ibadan-South-East,Mapo,200002,Oleyo's Compound
Ibadan-South-East,Mapo,200002,Ago Seke/Esu Awele
Ibadan-South-East,Mapo,200002,"Dada's Compound, Oja'Ba"
Ibadan-South-East,Mapo,200002,"Opposite Central Mosque, Oja'Ba"
Ibadan-South-East,Mapo,200002,Mapo Court
Ibadan-South-East,Mapo,200002,Laamo's Compound
Ibadan-South-East,Mapo,200002,Oniro's Compound
Ibadan-South-East,Mapo,200002,Ogunmola's Compound
Ibadan-South-East,Mapo,200002,Mapo Health Centre
Ibadan-South-East,Mapo,200002,Esu Awele
Ibadan-South-East,Mapo,200002,Ope Agbe Compound
Ibadan-South-East,Mapo,200002,Oluwo's Compound I
Ibadan-South-East,Mapo,200002,Oluwo's Compound II
Ibadan-South-East,Mapo,200002,Kure's Compound
Ibadan-South-East,Mapo,200002,Anla's Compound I
Ibadan-South-East,Mapo,200002,Anla's Compound II
Ibadan-South-East,Mapo,200002,Ile - Ode Isale Ijebu
Ibadan-South-East,Mapo,200002,Alesinloye Compound I
Ibadan-South-East,Mapo,200002,Alesinloye Compound II
Ibadan-South-East,Mapo,200002,Alesinloye Compound III
Ibadan-South-East,Mapo,200002,Lako's Compound I
Ibadan-South-East,Mapo,200002,Lako's Compound II
Ibadan-South-East,Mapo,200002,Lako's Compound III
Ibadan-South-East,Mapo,200002,Idi Arere Junction I
Ibadan-South-East,Mapo,200002,Idi Arere Junction II
Ibadan-South-East,Mapo,200002,Balogun Kobomoje Compound I
Ibadan-South-East,Mapo,200002,Balogun Kobomoje Compound II
Ibadan-South-East,Mapo,200002,Kobiowu's Palace Compound I
Ibadan-South-East,Mapo,200002,Kobiowu's Palace Compound II
Ibadan-South-East,Mapo,200002,Infront Of Basorun Fajinmi's Compound I
Ibadan-South-East,Mapo,200002,Infront Of Basorun Fajinmi's Compound II
Ibadan-South-East,Mapo,200002,Oranyan Fish Depot
Ibadan-South-East,Mapo,200002,Oranyan Maternity Centre
Ibadan-South-East,Mapo,200002,Beside Balogun Kobomoje I
Ibadan-South-East,Mapo,200002,Beside Balogun Kobomoje II
Ibadan-South-East,Mapo,200002,Outer Space Near Balogun Kobomoje
Ibadan-South-East,Mapo,200002,Kobomoje
Ibadan-South-East,Mapo,200002,Agbongbon
Ibadan-South-East,Mapo,200002,Olufunmilayo
Ibadan-South-East,Mapo,200002,Lanioka
Ibadan-South-East,Mapo,200002,Ita Ege
Ibadan-South-East,Mapo,200002,Ariori
Ibadan-South-East,Mapo,200002,Ita Olukoyi
Ibadan-South-East,Mapo,200002,Idi-Aro
Ibadan-South-East,Mapo,200002,Modina
Ibadan-South-East,Mapo,200002,Oniyere
Ibadan-South-East,Mapo,200002,Aperin Oniyere
Ibadan-South-East,Mapo,200002,Aperin
Ibadan-South-East,Mapo,200002,Mapo
Ibadan-South-East,Mapo,200002,Odinjo
Ibadan-South-East,Mapo,200002,Ode Akano
Ibadan-South-East,Mapo,200002,Idi Igi Sango II
Ibadan-South-East,Mapo,200002,Near Mogaji Kupolu's House
Ibadan-South-East,Mapo,200002,In Front Of Alake's W/Shop I
Ibadan-South-East,Mapo,200002,In Front Of Alake's W/Shop II
Ibadan-South-East,Mapo,200002,"Adelagun Mem. School, Odinjo I"
Ibadan-South-East,Mapo,200002,"Adelagun Mem. School, Odinjo II"
Ibadan-South-East,Mapo,200002,Open Space Near Adelagun School I
Ibadan-South-East,Mapo,200002,Open Space Near Adelagun School II
Ibadan-South-East,Mapo,200002,Open Space Near Adelagun School III
Ibadan-South-East,Mapo,200002,Kajola Irede Odinjo I
Ibadan-South-East,Mapo,200002,Kajola Irede Odinjo II
Ibadan-South-East,Mapo,200002,Open Space At Obisesan I
Ibadan-South-East,Mapo,200002,Open Space At Obisesan II
Ibadan-South-East,Mapo,200002,Open Space At Omilabu Layout I
Ibadan-South-East,Mapo,200002,Open Space At Omilabu Layout II
Ibadan-South-East,Mapo,200002,Open Space At Ogunsola
Ibadan-South-East,Mapo,200002,Idi Ita Open Space I
Ibadan-South-East,Mapo,200002,Idi Ita Open Space II
Ibadan-South-East,Mapo,200002,Opposite Kudeti Church I
Ibadan-South-East,Mapo,200002,Opposite Kudeti Church II
Ibadan-South-East,Mapo,200002,Olunloyo Road I
Ibadan-South-East,Mapo,200002,Olunloyo Road II
Ibadan-South-East,Mapo,200002,Olubi's Road
Ibadan-South-East,Mapo,200002,I. M. G. School 1 Eleta I
Ibadan-South-East,Mapo,200002,I. M. G. School 1 Eleta II
Ibadan-South-East,Mapo,200002,Alli's House
Ibadan-South-East,Mapo,200002,Tewogbade's House
Ibadan-South-East,Mapo,200002,Adegoke Adelabu I
Ibadan-South-East,Mapo,200002,Adegoke Adelabu II
Ibadan-South-East,Mapo,200002,Oluokun's Compound
Ibadan-South-East,Mapo,200002,Former Beta Hospital
Ibadan-South-East,Mapo,200002,"Yinbo's Fashion Centre, Ilupeju Junction I"
Ibadan-South-East,Mapo,200002,Ilupeju Junction II
Ibadan-South-East,Mapo,200002,Open Space At Odo Oba Junction I
Ibadan-South-East,Mapo,200002,Open Space At Odo Oba Junction II
Ibadan-South-East,Mapo,200002,Open Space At Odo Oba Junction III
Ibadan-South-East,Mapo,200002,"St. Eunan's School, Odo Oba I"
Ibadan-South-East,Mapo,200002,"St. Eunan's School, Odo Oba II"
Ibadan-South-East,Mapo,200002,"St. Eunan's School, Odo Oba III"
Ibadan-South-East,Mapo,200002,Open Space At Odo Oba Elere I
Ibadan-South-East,Mapo,200002,Open Space At Odo Oba Elere II
Ibadan-South-East,Mapo,200002,Odi Olowo St. Odo Oba Elere I
Ibadan-South-East,Mapo,200002,Odi Olowo St. Odo Oba Elere II
Ibadan-South-East,Mapo,200002,Idi Obi Layout Elere I
Ibadan-South-East,Mapo,200002,Idi Obi Layout Elere II
Ibadan-South-East,Mapo,200002,In Front Of Ekolo's House I
Ibadan-South-East,Mapo,200002,In Front Of Ekolo's House II
Ibadan-South-East,Mapo,200002,In Front Of Ekolo's House III
Ibadan-South-East,Mapo,200002,Open Space Near Adedoja's House I
Ibadan-South-East,Mapo,200002,Open Space Near Adedoja's House II
Ibadan-South-East,Mapo,200002,"Court Road, Ile Tuntun I"
Ibadan-South-East,Mapo,200002,"Court Road, Ile Tuntun II"
Ibadan-South-East,Mapo,200002,"Court Road, Ile Tuntun III"
Ibadan-South-East,Mapo,200002,"Fish Depot, Ile Tuntun I"
Ibadan-South-East,Mapo,200002,"Fish Depot, Ile Tuntun II"
Ibadan-South-East,Mapo,200002,"Isola Ogunsola Junction, Academy I"
Ibadan-South-East,Mapo,200002,"Isola Ogunsola Junction, Academy II"
Ibadan-South-East,Mapo,200002,"Isola Ogunsola Junction, Academy III"
Ibadan-South-East,Mapo,200002,Open Space At Owode Academy I
Ibadan-South-East,Mapo,200002,Open Space At Owode Academy II
Ibadan-South-East,Mapo,200002,Open Space At Owode Academy III
Ibadan-South-East,Mapo,200002,"I. M. G. School II, Eleta I"
Ibadan-South-East,Mapo,200002,"I. M. G. School II, Eleta II"
Ibadan-South-East,Mapo,200002,"I. M. G. School II, Eleta III"
Ibadan-South-East,Mapo,200002,"I. M. G. School II, Eleta IV"
Ibadan-South-East,Mapo,200002,"St. John's School, Eleta I"
Ibadan-South-East,Mapo,200002,"St. John's School, Eleta II"
Ibadan-South-East,Mapo,200002,"St. John's School, Eleta III"
Ibadan-South-East,Mapo,200002,"St. John's School, Eleta IV"
Ibadan-South-East,Mapo,200002,"St. Luke's School, Molete I"
Ibadan-South-East,Mapo,200002,"St. Luke's School, Molete II"
Ibadan-South-East,Mapo,200002,"I. M. G. School, Kudeti I"
Ibadan-South-East,Mapo,200002,"I. M. G. School, Kudeti II"
Ibadan-South-East,Mapo,200002,"Islamic School, Kudeti I"
Ibadan-South-East,Mapo,200002,"Islamic School, Kudeti II"
Ibadan-South-East,Mapo,200002,"St. David's School, Kudeti"
Ibadan-South-East,Mapo,200002,Open Space Near St. David School I
Ibadan-South-East,Mapo,200002,Open Space Near St. David School II
Ibadan-South-East,Mapo,200002,Outer Space Near St. David School I
Ibadan-South-East,Mapo,200002,Outer Space Near St. David School II
Ibadan-South-East,Mapo,200002,Islamic Mission School I
Ibadan-South-East,Mapo,200002,Islamic Mission School II
Ibadan-South-East,Mapo,200002,In Front Of Odeku Compound
Ibadan-South-East,Mapo,200002,In Front Of Solaja's House
Ibadan-South-East,Mapo,200002,Outer Space Near Solaja
Ibadan-South-East,Mapo,200002,Beside Ola Mummy I
Ibadan-South-East,Mapo,200002,Beside Ola Mummy II
Ibadan-South-East,Mapo,200002,Near Mola Hospital I
Ibadan-South-East,Mapo,200002,Near Mola Hospital II
Ibadan-South-East,Mapo,200002,Opposite Odi Olowo Odo-Oba I
Ibadan-South-East,Mapo,200002,Opposite Odi Olowo Odo-Oba II
Ibadan-South-East,Mapo,200002,C. A. C. Oke Agbara I
Ibadan-South-East,Mapo,200002,C. A. C. Oke Agbara II
Ibadan-South-East,Mapo,200002,Adeyemo Lay-Out I
Ibadan-South-East,Mapo,200002,Adeyemo Lay-Out II
Ibadan-South-East,Mapo,200002,Yejide Gramm. School I
Ibadan-South-East,Mapo,200002,Yejide Gramm. School II
Ibadan-South-East,Mapo,200002,Ayodele Primary School I
Ibadan-South-East,Mapo,200002,Ayodele Primary School II
Ibadan-South-East,Mapo,200002,Open Space At Odo-Oba Junction I
Ibadan-South-East,Mapo,200002,Open Space At Odo-Oba Junction II
Ibadan-South-East,Mapo,200002,K & S. Aladura I
Ibadan-South-East,Mapo,200002,K & S. Aladura II
Ibadan-South-East,Mapo,200002,Boluwaji Elere
Ibadan-South-East,Mapo,200002,Open Space At Sanyo I
Ibadan-South-East,Mapo,200002,Open Space At Sanyo II
Ibadan-South-East,Mapo,200002,Ajet Araromi Lay-Out I
Ibadan-South-East,Mapo,200002,Ajet Araromi Lay-Out II
Ibadan-South-East,Mapo,200002,Ibadan Grammar School
Ibadan-South-East,Mapo,200002,Open Space At Molete
Ibadan-South-East,Mapo,200002,Open Space Opposite Sogoye
Ibadan-South-East,Mapo,200002,I. M. G. Ibuko I
Ibadan-South-East,Mapo,200002,I. M. G. Ibuko II
Ibadan-South-East,Mapo,200002,I. M. G. Ibuko III
Ibadan-South-East,Mapo,200002,I. M. G. Ibuko IV
Ibadan-South-East,Mapo,200002,Open Space Along Aluko I
Ibadan-South-East,Mapo,200002,Open Space Along Aluko II
Ibadan-South-East,Mapo,200002,Aluko Street Felele I
Ibadan-South-East,Mapo,200002,Aluko Street Felele II
Ibadan-South-East,Mapo,200002,Eyini High School I
Ibadan-South-East,Mapo,200002,Eyini High School II
Ibadan-South-East,Mapo,200002,Adelabu Shopping Complex I
Ibadan-South-East,Mapo,200002,Adelabu Shopping Complex II
Ibadan-South-East,Mapo,200002,Adelabu Shopping Complex III
Ibadan-South-East,Mapo,200002,Adelabu Shopping Complex IV
Ibadan-South-East,Mapo,200002,Felele Chemist I
Ibadan-South-East,Mapo,200002,Felele Chemist II
Ibadan-South-East,Mapo,200002,Felele Rab I
Ibadan-South-East,Mapo,200002,Felele Rab II
Ibadan-South-East,Mapo,200002,Open Space Along Felele Straight I
Ibadan-South-East,Mapo,200002,Open Space Along Felele Straight II
Ibadan-South-East,Mapo,200002,Open Space Along Felele Straight III
Ibadan-South-East,Mapo,200002,Open Space Along Felele Straight IV
Ibadan-South-East,Mapo,200002,"Lam Adesina Junction, Labe-Odan I"
Ibadan-South-East,Mapo,200002,"Lam Adesina Junction, Labe-Odan II"
Ibadan-South-East,Mapo,200002,"Lam Adesina Junction, Labe-Odan III"
Ibadan-South-East,Mapo,200002,Open Space Onibonoje
Ibadan-South-East,Mapo,200002,Open Space Near Onibonoje
Ibadan-South-East,Mapo,200002,Scout Camp Olorunsogo
Ibadan-South-East,Mapo,200002,Scout Camp I
Ibadan-South-East,Mapo,200002,Scout Camp II
Ibadan-South-East,Mapo,200002,Falana Mobil Station I
Ibadan-South-East,Mapo,200002,Falana Mobil Station II
Ibadan-South-West,Alesinloye,200273,Olupoyi Comp. Oja-Oba I
Ibadan-South-West,Alesinloye,200273,Olupoyi Comp. Oja-Oba II
Ibadan-South-West,Alesinloye,200273,Olupoyi Comp. Oja-Oba III
Ibadan-South-West,Alesinloye,200273,Olupoyi Comp. Oja-Oba IV
Ibadan-South-West,Alesinloye,200273,Akere Compound I
Ibadan-South-West,Alesinloye,200273,Akere Compound II
Ibadan-South-West,Alesinloye,200273,Akere Compound III
Ibadan-South-West,Alesinloye,200273,Akere Compound IV
Ibadan-South-West,Alesinloye,200273,Former Rational Bookshop I
Ibadan-South-West,Alesinloye,200273,Former Rational Bookshop II
Ibadan-South-West,Alesinloye,200273,In Front Of Late Oba Akinyele I
Ibadan-South-West,Alesinloye,200273,In Front Of Late Oba Akinyele II
Ibadan-South-West,Alesinloye,200273,Olanihun's Compound I
Ibadan-South-West,Alesinloye,200273,Olanihun's Compound II
Ibadan-South-West,Alesinloye,200273,Olanihun's Compound III
Ibadan-South-West,Alesinloye,200273,Oriolowo Compound I
Ibadan-South-West,Alesinloye,200273,Oriolowo Compound II
Ibadan-South-West,Alesinloye,200273,Fijabi Compound I
Ibadan-South-West,Alesinloye,200273,Fijabi Compound II
Ibadan-South-West,Alesinloye,200273,Fijabi Compound III
Ibadan-South-West,Alesinloye,200273,Fijabi Compound IV
Ibadan-South-West,Alesinloye,200273,Onisiniyan Compound I
Ibadan-South-West,Alesinloye,200273,Onisiniyan Compound II
Ibadan-South-West,Alesinloye,200273,Olaniyan Compound I
Ibadan-South-West,Alesinloye,200273,Olaniyan Compound II
Ibadan-South-West,Alesinloye,200273,Olaniyan Compound III
Ibadan-South-West,Alesinloye,200273,Alekuso Compound I
Ibadan-South-West,Alesinloye,200273,Alekuso Compound II
Ibadan-South-West,Alesinloye,200273,Alekuso Compound III
Ibadan-South-West,Alesinloye,200273,Ile Eja Bere I
Ibadan-South-West,Alesinloye,200273,Ile Eja Bere II
Ibadan-South-West,Alesinloye,200273,Ile Eja Bere III
Ibadan-South-West,Alesinloye,200273,"Progressive Day School, Aladorin I"
Ibadan-South-West,Alesinloye,200273,"Progressive Day School, Aladorin II"
Ibadan-South-West,Alesinloye,200273,"Progressive Day School, Aladorin III"
Ibadan-South-West,Alesinloye,200273,"Progressive Day School, Aladorin IV"
Ibadan-South-West,Alesinloye,200273,Christ Gospel Progressive Aladorin I
Ibadan-South-West,Alesinloye,200273,Christ Gospel Progressive Aladorin II
Ibadan-South-West,Alesinloye,200273,Christ Gospel Ile Ege
Ibadan-South-West,Alesinloye,200273,Open Space Behind Progressive I
Ibadan-South-West,Alesinloye,200273,Open Space Behind Progressive II
Ibadan-South-West,Alesinloye,200273,Open Space Behind Progressive III
Ibadan-South-West,Alesinloye,200273,Open Space At Aregbe's Compound
Ibadan-South-West,Alesinloye,200273,Elesin Meta Compound I
Ibadan-South-West,Alesinloye,200273,Elesin Meta Compound II
Ibadan-South-West,Alesinloye,200273,Open Space At Apanpa Compound I
Ibadan-South-West,Alesinloye,200273,Open Space At Apanpa Compound II
Ibadan-South-West,Alesinloye,200273,Open Space At Apanpa Compound III
Ibadan-South-West,Alesinloye,200273,Open Space At Apanpa Compound IV
Ibadan-South-West,Alesinloye,200273,Open Space At Apanpa Compound V
Ibadan-South-West,Alesinloye,200273,Open Space Along Isale Osi Road I
Ibadan-South-West,Alesinloye,200273,Open Space Along Isale Osi Road II
Ibadan-South-West,Alesinloye,200273,Open Space Along Isale Osi Road III
Ibadan-South-West,Alesinloye,200273,Open Space Iyalode I
Ibadan-South-West,Alesinloye,200273,Open Space Iyalode II
Ibarapa-Central,Idere,201104,Abolanle
Ibarapa-Central,Idere,201104,Adeagbo
Ibarapa-Central,Idere,201104,Ajumobi
Ibarapa-Central,Igboora,201103,Akeroro
Ibarapa-Central,Igboora,201103,Alabi
Ibarapa-Central,Igboora,201103,Alagba
Ibarapa-Central,Igboora,201103,Araromi
Ibarapa-Central,Igboora,201103,Arigbeyo
Ibarapa-Central,Igboora,201103,Asipa
Ibarapa-Central,Igboora,201103,Fidegbo
Ibarapa-Central,Igboora,201103,Geke
Ibarapa-Central,Igboora,201103,Igboleke
Ibarapa-Central,Igboora,201103,Igboora
Ibarapa-Central,Igboora,201103,Jato
Ibarapa-Central,Igboora,201103,Sekere
Ibarapa-East,Eruwa,201101,Abule Oba
Ibarapa-East,Eruwa,201101,Abule Okie
Ibarapa-East,Eruwa,201101,Abule-Osun
Ibarapa-East,Eruwa,201101,Aderohunmui
Ibarapa-East,Eruwa,201101,Afuye
Ibarapa-East,Eruwa,201101,Agboti
Ibarapa-East,Eruwa,201101,Ago-Ajaala
Ibarapa-East,Eruwa,201101,Aiyegbede
Ibarapa-East,Eruwa,201101,Alagbena
Ibarapa-East,Eruwa,201101,Ameke
Ibarapa-East,Eruwa,201101,Atanke
Ibarapa-East,Eruwa,201101,Ayeno
Ibarapa-East,Eruwa,201101,Baba Oke
Ibarapa-East,Eruwa,201101,Baba-Elenutipala
Ibarapa-East,Eruwa,201101,Bamigbose
Ibarapa-East,Eruwa,201101,Dagilegbo
Ibarapa-East,Eruwa,201101,Dagiloro
Ibarapa-East,Eruwa,201101,Dawodu
Ibarapa-East,Eruwa,201101,Dudoyemi
Ibarapa-East,Eruwa,201101,Elepo
Ibarapa-East,Eruwa,201101,Elukotun
Ibarapa-East,Eruwa,201101,Eruwa
Ibarapa-East,Eruwa,201101,Gboru
Ibarapa-East,Eruwa,201101,Ilo Ogundele
Ibarapa-East,Eruwa,201101,Isaba Temidire
Ibarapa-East,Eruwa,201101,Iseyin Villages
Ibarapa-East,Eruwa,201101,Jagala
Ibarapa-East,Eruwa,201101,Jankata
Ibarapa-East,Eruwa,201101,Language
Ibarapa-East,Eruwa,201101,Lawore
Ibarapa-East,Eruwa,201101,Obadelu Hill
Ibarapa-East,Eruwa,201101,Ogundele
Ibarapa-East,Eruwa,201101,Okolo
Ibarapa-East,Eruwa,201101,Olokenoji
Ibarapa-East,Eruwa,201101,Olori
Ibarapa-East,Eruwa,201101,Olorunda
Ibarapa-East,Eruwa,201101,Oluwo
Ibarapa-East,Eruwa,201101,Panu
Ibarapa-East,Eruwa,201101,Sango
Ibarapa-East,Eruwa,201101,Sango Odo
Ibarapa-East,Eruwa,201101,Sangote
Ibarapa-East,Eruwa,201101,Sobaloju
Ibarapa-East,Eruwa,201101,Sunmirire
Ibarapa-East,Eruwa,201101,Temidire-Idiope
Ibarapa-East,Lanlate,201102,Alapa
Ibarapa-East,Lanlate,201102,Igbodudu
Ibarapa-East,Lanlate,201102,Itabo
Ibarapa-East,Lanlate,201102,Ilado
Ibarapa-East,Lanlate,201102,Elegun
Ibarapa-East,Lanlate,201102,Are-Ago
Ibarapa-East,Lanlate,201102,Owode
Ibarapa-East,Lanlate,201102,Eran
Ibarapa-East,Lanlate,201102,Aborisade
Ibarapa-East,Lanlate,201102,Sikiti
Ibarapa-East,Lanlate,201102,Panlati
Ibarapa-East,Lanlate,201102,Opoogede
Ibarapa-East,Lanlate,201102,Asako
Ibarapa-East,Lanlate,201102,Maya
Ibarapa-East,Lanlate,201102,Osoogun
Ibarapa-East,Lanlate,201102,Egboolasa
Ibarapa-East,Lanlate,201102,Gaadi
Ibarapa-East,Lanlate,201102,Igbodudu
Ibarapa-East,Lanlate,201102,Salako
Ibarapa-East,Lanlate,201102,Aboya
Ibarapa-East,Lanlate,201102,Akeete
Ibarapa-East,Lanlate,201102,Lagaye
Ibarapa-East,Lanlate,201102,Adegbola
Ibarapa-East,Lanlate,201102,Ojonamo
Ibarapa-East,Lanlate,201102,Atunwa
Ibarapa-East,Lanlate,201102,Owaka
Ibarapa-East,Lanlate,201102,Aga
Ibarapa-East,Lanlate,201102,Oba
Ibarapa-East,Lanlate,201102,Alaye
Ibarapa-East,Lanlate,201102,Abule One
Ibarapa-East,Lanlate,201102,Baba Magbe
Ibarapa-East,Lanlate,201102,Age
Ibarapa-East,Lanlate,201102,Majengbasan
Ibarapa-East,Lanlate,201102,Lala
Ibarapa-East,Lanlate,201102,Idowu Abidiosa
Ibarapa-East,Lanlate,201102,Abule Ige
Ibarapa-East,Lanlate,201102,Abidiosa
Ibarapa-East,Lanlate,201102,Jagun
Ibarapa-East,Lanlate,201102,Onibenbe
Ibarapa-East,Lanlate,201102,Adeyemi
Ibarapa-East,Lanlate,201102,Temidire
Ibarapa-East,Lanlate,201102,Janata
Ibarapa-East,Lanlate,201102,Jaleagbon
Ibarapa-East,Lanlate,201102,Akinwunmi
Ibarapa-East,Lanlate,201102,Abaapa
Ibarapa-East,Lanlate,201102,Araromi
Ibarapa-East,Lanlate,201102,Goke Saangi
Ibarapa-East,Lanlate,201102,Danenu
Ibarapa-East,Lanlate,201102,Ebinpejo
Ibarapa-East,Lanlate,201102,Filakaka
Ibarapa-East,Lanlate,201102,Igbolaja
Ibarapa-East,Lanlate,201102,Lanlate
Ibarapa-North,Ayete,201105,AgunOjekunle
Ibarapa-North,Ayete,201105,Aiyete
Ibarapa-North,Ayete,201105,Ajelanwa
Ibarapa-North,Ayete,201105,Akowe
Ibarapa-North,Ayete,201105,Alagbaa
Ibarapa-North,Ayete,201105,Alapala
Ibarapa-North,Ayete,201105,Apagbo
Ibarapa-North,Ayete,201105,Elewure
Ibarapa-North,Ayete,201105,Gbodiko
Ibarapa-North,Ayete,201105,Gboko
Ibarapa-North,Ayete,201105,Iki
Ibarapa-North,Ayete,201105,KajolaKajola Shipa
Ibarapa-North,Ayete,201105,Oba
Ibarapa-North,Ayete,201105,Ojekinde
Ibarapa-North,Ayete,201105,Okugba
Ibarapa-North,Ayete,201105,Onipede
Ibarapa-North,Ayete,201105,Opomu
Ibarapa-North,Ayete,201105,Tobalogun
Ibarapa-North,Ayete,201105,Ture Origi
Ibarapa-North,Igangan,201007,Ajegunle
Ibarapa-North,Igangan,201007,Akoya
Ibarapa-North,Igangan,201007,Asunnara
Ibarapa-North,Igangan,201007,Egbe Omo
Ibarapa-North,Igangan,201007,Elegbeda
Ibarapa-North,Igangan,201007,Idiope
Ibarapa-North,Igangan,201007,Igangan
Ibarapa-North,Igangan,201007,Olokete
Ibarapa-North,Igangan,201007,Owode
Ibarapa-North,Tapa,201106,Adeagbo
Ibarapa-North,Tapa,201106,Ahoro
Ibarapa-North,Tapa,201106,Ajegunle
Ibarapa-North,Tapa,201106,Ajelanwa
Ibarapa-North,Tapa,201106,Alaparun
Ibarapa-North,Tapa,201106,Gbelckale
Ibarapa-North,Tapa,201106,Itumeta
Ibarapa-North,Tapa,201106,Kongo
Ibarapa-North,Tapa,201106,Oyee
Ibarapa-North,Tapa,201106,Tapa
Ido,Ido,200130,Eleyele
Ido,Ido,200130,Abigbinde
Ido,Ido,200130,Akufo
Ido,Ido,200130,Alajata
Ido,Ido,200130,Latayo
Ido,Ido,200130,Oko Esu
Ido,Ido,200130,Araromi
Ido,Ido,200130,Akindele
Ido,Ido,200130,Elesinfunfun
Ido,Ido,200130,Olokogboro
Ido,Ido,200130,Onigbinde
Ido,Ido,200130,Akinware
Ido,Ido,200130,Morakinyo
Ido,Ido,200130,Apete
Ido,Ido,200130,Agbaje
Ido,Ido,200130,Idi Oro Elewa
Ido,Ido,200130,Idi Igbaro
Ido,Ido,200130,Awotan
Ido,Ido,200130,Oloro
Ido,Ido,200130,Odebode
Ido,Ido,200130,Onigbodogi
Ido,Ido,200130,Lawoyin
Ido,Ido,200130,Idi-Iya
Ido,Ido,200130,Onisago
Ido,Ido,200130,Batake
Ido,Ido,200130,Ladunni
Ido,Ido,200130,Sonso
Ido,Ido,200130,Abule Ayo
Ido,Ido,200130,Oloruntedo
Ido,Ido,200130,"Baptist Primary School, Odetola"
Ido,Ido,200130,"Open Space, Aba Oke"
Ido,Ido,200130,Koguo
Ido,Ido,200130,Erinwusi
Ido,Ido,200130,Latunji
Ido,Ido,200130,Fasan
Ido,Ido,200130,Elenusonso
Ido,Ido,200130,Odufemi
Ido,Ido,200130,Oloje
Ido,Ido,200130,Lasokun Araromi
Ido,Ido,200130,Oganla
Ido,Ido,200130,Alafara
Ido,Ido,200130,Fenwa
Ido,Ido,200130,Ogba-Gba
Ido,Ido,200130,Okuna Awo
Ido,Ido,200130,Ido
Ido,Ido,200130,Omi Adio
Ido,Ido,200130,Omi Abidogun
Ido,Ido,200130,Bode Igbo
Ido,Ido,200130,Erinkoja Obe
Ido,Ido,200130,Bakatari
Ido,Ido,200130,Aba Araba
Ido,Ido,200130,Alakaso
Ido,Ido,200130,Omi Onigbagbo
Ido,Ido,200130,Owode Estate
Ido,Ido,200130,Onidoko
Ido,Ido,200130,Balogun Alahusa
Ido,Ido,200130,Oke Alaro
Ido,Ido,200130,Ogundele Alaho
Ido,Ido,200130,Ateere
Ido,Ido,200130,Siba
Ido,Ido,200130,Oloko
Ido,Ido,200130,Oloya
Ido,Ido,200130,Idi Ahun
Ido,Ido,200130,Ojimi
Ido,Ido,200130,Ajobo Ido
Ido,Ido,200130,Benbo
Ido,Ido,200130,Alexander
Irepo,Kishi,212101,Aawe
Irepo,Kishi,212101,Abanla Agunla
Irepo,Kishi,212101,Adagbangba
Irepo,Kishi,212101,Agunbebe
Irepo,Kishi,212101,Aiyekale
Irepo,Kishi,212101,Ajanaa
Irepo,Kishi,212101,Ajetowa
Irepo,Kishi,212101,Alagbon
Irepo,Kishi,212101,Alegongo
Irepo,Kishi,212101,Amuda Aro
Irepo,Kishi,212101,Apata
Irepo,Kishi,212101,Arogbe
Irepo,Kishi,212101,Atipa
Irepo,Kishi,212101,Ayifo
Irepo,Kishi,212101,Ayola
Irepo,Kishi,212101,Baale Ajila
Irepo,Kishi,212101,Baba Ilorin
Irepo,Kishi,212101,Barunganma
Irepo,Kishi,212101,Budo Ibadan
Irepo,Kishi,212101,Budo Abu
Irepo,Kishi,212101,Budo Ago
Irepo,Kishi,212101,Budo Aifo
Irepo,Kishi,212101,Budo Diedie
Irepo,Kishi,212101,Budo Fatowa
Irepo,Kishi,212101,Budo Gesi
Irepo,Kishi,212101,Budo Ibariba
Irepo,Kishi,212101,Budo Ido Akun
Irepo,Kishi,212101,Budo Igboho
Irepo,Kishi,212101,Budo Iseyi
Irepo,Kishi,212101,Budo Jagun
Irepo,Kishi,212101,Budo Kilani
Irepo,Kishi,212101,Budo Moradesa
Irepo,Kishi,212101,Budo Mujemi
Irepo,Kishi,212101,Budo Mushi
Irepo,Kishi,212101,Budo Nla
Irepo,Kishi,212101,Budo Sabi
Irepo,Kishi,212101,Budo Sule
Irepo,Kishi,212101,Budo Suru
Irepo,Kishi,212101,Budo Woru
Irepo,Kishi,212101,Elerin
Irepo,Kishi,212101,Gaa Adu
Irepo,Kishi,212101,Gaa Apata
Irepo,Kishi,212101,Gaa Asapa
Irepo,Kishi,212101,Gaa Baale
Irepo,Kishi,212101,Gaa Gudu
Irepo,Kishi,212101,Gaa Idi
Irepo,Kishi,212101,Gaa Kumosa
Irepo,Kishi,212101,Gaa Momodu
Irepo,Kishi,212101,Gaa Sanni
Irepo,Kishi,212101,Gaa Tunku
Irepo,Kishi,212101,Gaa Umoru
Irepo,Kishi,212101,Iba
Irepo,Kishi,212101,Ibudo Adeigba
Irepo,Kishi,212101,Ibudo Ado
Irepo,Kishi,212101,Igbo Elemi
Irepo,Kishi,212101,Igboroko
Irepo,Kishi,212101,Iyayoyin
Irepo,Kishi,212101,Joore
Irepo,Kishi,212101,Kishi Township
Irepo,Kishi,212101,Kumbi
Irepo,Kishi,212101,Laha
Irepo,Kishi,212101,Odo Igbo
Irepo,Kishi,212101,Ojetete
Irepo,Kishi,212101,Ojo Aro
Irepo,Kishi,212101,Oko Oba
Irepo,Kishi,212101,Olokoto
Irepo,Kishi,212101,Onipako
Irepo,Kishi,212101,Oniyo
Irepo,Kishi,212101,Osalakin
Irepo,Kishi,212101,Sangoleye
Irepo,Kishi,212101,Seibu
Irepo,Kishi,212101,Sise Olowo
Irepo,Kishi,212101,Tesi
Irepo,Kishi,212101,Tesi-Idi Ero
Irepo,Kishi,212101,Wole Wole
Irepo,Kishi,212101,Yakubu
Irepo,Kishi,212101,Yerepe
Iseyin,Ado Awaye,202102,Aagba
Iseyin,Ado Awaye,202102,Aba Nla
Iseyin,Ado Awaye,202102,Aba Tapa
Iseyin,Ado Awaye,202102,Abapan
Iseyin,Ado Awaye,202102,Abidioki
Iseyin,Ado Awaye,202102,Aboriso
Iseyin,Ado Awaye,202102,Abule Nla.
Iseyin,Ado Awaye,202102,Abule Oloola
Iseyin,Ado Awaye,202102,Adeagbo
Iseyin,Ado Awaye,202102,Adegbola
Iseyin,Ado Awaye,202102,Adekola
Iseyin,Ado Awaye,202102,Adeniji
Iseyin,Ado Awaye,202102,Ado
Iseyin,Ado Awaye,202102,Ajagbeegun
Iseyin,Ado Awaye,202102,Akoda
Iseyin,Ado Awaye,202102,Aladere
Iseyin,Ado Awaye,202102,Aladura
Iseyin,Ado Awaye,202102,Alagbede
Iseyin,Ado Awaye,202102,Amolegbe
Iseyin,Ado Awaye,202102,Anko
Iseyin,Ado Awaye,202102,Atapa
Iseyin,Ado Awaye,202102,Atunwa
Iseyin,Ado Awaye,202102,Aweye
Iseyin,Ado Awaye,202102,Awolese
Iseyin,Ado Awaye,202102,Ayanbule
Iseyin,Ado Awaye,202102,Baba Sango
Iseyin,Ado Awaye,202102,Balogun
Iseyin,Ado Awaye,202102,Egbebi
Iseyin,Ado Awaye,202102,Elekule
Iseyin,Ado Awaye,202102,Elewele
Iseyin,Ado Awaye,202102,Elewuro
Iseyin,Ado Awaye,202102,Eleyele
Iseyin,Ado Awaye,202102,Esinjowo
Iseyin,Ado Awaye,202102,Ewetunde
Iseyin,Ado Awaye,202102,Ireso
Iseyin,Ado Awaye,202102,Iserin
Iseyin,Ado Awaye,202102,Joloko
Iseyin,Ado Awaye,202102,Maya Oke
Iseyin,Ado Awaye,202102,Oba
Iseyin,Ado Awaye,202102,Obanase
Iseyin,Ado Awaye,202102,Odo Ogun
Iseyin,Ado Awaye,202102,Ogbigbi
Iseyin,Ado Awaye,202102,Olose Onike
Iseyin,Ado Awaye,202102,Olukela
Iseyin,Ado Awaye,202102,Onire
Iseyin,Ado Awaye,202102,Samson
Iseyin,Ado Awaye,202102,Tabiti
Iseyin,Ado Awaye,202102,Wasinmi
Iseyin,Iseyin,202101,Aaba Titun
Iseyin,Iseyin,202101,Aba Ibadan
Iseyin,Iseyin,202101,Aba Sule
Iseyin,Iseyin,202101,Abugaga
Iseyin,Iseyin,202101,Abule Odo
Iseyin,Iseyin,202101,Adewuyi
Iseyin,Iseyin,202101,Adodo
Iseyin,Iseyin,202101,Afonja
Iseyin,Iseyin,202101,Ajagbadi.
Iseyin,Iseyin,202101,Ajofin
Iseyin,Iseyin,202101,Ajokete
Iseyin,Iseyin,202101,Akan
Iseyin,Iseyin,202101,Alagbede
Iseyin,Iseyin,202101,Alayan
Iseyin,Iseyin,202101,Alayin
Iseyin,Iseyin,202101,Aleshinloye
Iseyin,Iseyin,202101,Apata
Iseyin,Iseyin,202101,Apata Olodo
Iseyin,Iseyin,202101,Apenpe
Iseyin,Iseyin,202101,Asba Titun
Iseyin,Iseyin,202101,Asesu
Iseyin,Iseyin,202101,Asheru
Iseyin,Iseyin,202101,Baba Isale
Iseyin,Iseyin,202101,Balelayo
Iseyin,Iseyin,202101,Dokun
Iseyin,Iseyin,202101,Gboro
Iseyin,Iseyin,202101,Idi Emi
Iseyin,Iseyin,202101,Idi Igba
Iseyin,Iseyin,202101,Igbo Oloro
Iseyin,Iseyin,202101,Igbokandi
Iseyin,Iseyin,202101,Igbomara
Iseyin,Iseyin,202101,Igboro
Iseyin,Iseyin,202101,Igunrin
Iseyin,Iseyin,202101,Ikere
Iseyin,Iseyin,202101,Iseyin Township
Iseyin,Iseyin,202101,Itagbe
Iseyin,Iseyin,202101,Kajola
Iseyin,Iseyin,202101,Lokodu
Iseyin,Iseyin,202101,Odoomu
Iseyin,Iseyin,202101,Odooto
Iseyin,Iseyin,202101,Ogungbe
Iseyin,Iseyin,202101,Oke Edu
Iseyin,Iseyin,202101,Okese
Iseyin,Iseyin,202101,Olode
Iseyin,Iseyin,202101,Olode Olokosuru
Iseyin,Iseyin,202101,Olofin
Iseyin,Iseyin,202101,Olokolo
Iseyin,Iseyin,202101,Olokosun
Iseyin,Iseyin,202101,Olugbade
Iseyin,Iseyin,202101,Orita Merin
Iseyin,Iseyin,202101,Osantu
Iseyin,Iseyin,202101,Otiri Alagbado
Iseyin,Iseyin,202101,Pago
Iseyin,Osogun,202103,Aba Agba
Iseyin,Osogun,202103,Aba Paanu
Iseyin,Osogun,202103,Adebisi
Iseyin,Osogun,202103,Adekola
Iseyin,Osogun,202103,Afoyasoro
Iseyin,Osogun,202103,Agelu
Iseyin,Osogun,202103,Ago Olosun
Iseyin,Osogun,202103,Ahiyangan
Iseyin,Osogun,202103,Ajiyo
Iseyin,Osogun,202103,Akinlabi
Iseyin,Osogun,202103,Akinwumi
Iseyin,Osogun,202103,Akiti Ponpo
Iseyin,Osogun,202103,Alapako
Iseyin,Osogun,202103,Alaro
Iseyin,Osogun,202103,Alawure
Iseyin,Osogun,202103,Apapasana
Iseyin,Osogun,202103,Araromi
Iseyin,Osogun,202103,Ayantade
Iseyin,Osogun,202103,Budo Agba
Iseyin,Osogun,202103,Dananu
Iseyin,Osogun,202103,Daripapa
Iseyin,Osogun,202103,Epipi
Iseyin,Osogun,202103,Fidayi Papa
Iseyin,Osogun,202103,Goke Sago
Iseyin,Osogun,202103,Igbodudu
Iseyin,Osogun,202103,Jagun Sagbo
Iseyin,Osogun,202103,Maya
Iseyin,Osogun,202103,Odo Ogba
Iseyin,Osogun,202103,Ogbo Ilasa
Iseyin,Osogun,202103,Ogboolasa
Iseyin,Osogun,202103,Ogodu I
Iseyin,Osogun,202103,Ogodu II
Iseyin,Osogun,202103,Ogundipe
Iseyin,Osogun,202103,Oguntunji
Iseyin,Osogun,202103,Olohunde
Iseyin,Osogun,202103,Oloje
Iseyin,Osogun,202103,Olose
Iseyin,Osogun,202103,Onikaninkanin
Iseyin,Osogun,202103,Osogun
Iseyin,Osogun,202103,Owonitola
Iseyin,Osogun,202103,Sagbo Ile
Iseyin,Osogun,202103,Salami
Iseyin,Osogun,202103,Sekelade
Iseyin,Osogun,202103,Temidire
Itesiwaju,Ipapo/Oke Amu,202104,Abugaga
Itesiwaju,Ipapo/Oke Amu,202104,Alagbede
Itesiwaju,Ipapo/Oke Amu,202104,Amuda Egunsola
Itesiwaju,Ipapo/Oke Amu,202104,Ariyo
Itesiwaju,Ipapo/Oke Amu,202104,Aroje
Itesiwaju,Ipapo/Oke Amu,202104,Ayodele
Itesiwaju,Ipapo/Oke Amu,202104,Baba Sango
Itesiwaju,Ipapo/Oke Amu,202104,Balelayo
Itesiwaju,Ipapo/Oke Amu,202104,Elekuku
Itesiwaju,Ipapo/Oke Amu,202104,Hagbe
Itesiwaju,Ipapo/Oke Amu,202104,Igboro
Itesiwaju,Ipapo/Oke Amu,202104,Ipapo
Itesiwaju,Ipapo/Oke Amu,202104,Isemi
Itesiwaju,Ipapo/Oke Amu,202104,Kasia
Itesiwaju,Ipapo/Oke Amu,202104,Oke Amu
Itesiwaju,Ipapo/Oke Amu,202104,Okebi
Itesiwaju,Ipapo/Oke Amu,202104,Okose
Itesiwaju,Ipapo/Oke Amu,202104,Onisau
Itesiwaju,Ipapo/Oke Amu,202104,Owode
Itesiwaju,Ipapo/Oke Amu,202104,Panla
Itesiwaju,Komu / Igbojaye,202106,Aba Ogbomoso
Itesiwaju,Komu / Igbojaye,202106,Adenle
Itesiwaju,Komu / Igbojaye,202106,Adeta
Itesiwaju,Komu / Igbojaye,202106,Agba
Itesiwaju,Komu / Igbojaye,202106,Agbaruru
Itesiwaju,Komu / Igbojaye,202106,Ago Fulani
Itesiwaju,Komu / Igbojaye,202106,Ajibija
Itesiwaju,Komu / Igbojaye,202106,Akinsapon
Itesiwaju,Komu / Igbojaye,202106,Amaja
Itesiwaju,Komu / Igbojaye,202106,Amosun
Itesiwaju,Komu / Igbojaye,202106,Apo Wuku
Itesiwaju,Komu / Igbojaye,202106,Arigidana Isale
Itesiwaju,Komu / Igbojaye,202106,Arigidana Oke
Itesiwaju,Komu / Igbojaye,202106,Arikuyeri
Itesiwaju,Komu / Igbojaye,202106,Asaja
Itesiwaju,Komu / Igbojaye,202106,Baba Ode
Itesiwaju,Komu / Igbojaye,202106,Bale Agbe
Itesiwaju,Komu / Igbojaye,202106,Ehito
Itesiwaju,Komu / Igbojaye,202106,Gelede
Itesiwaju,Komu / Igbojaye,202106,Igbojaye
Itesiwaju,Komu / Igbojaye,202106,Ijasan
Itesiwaju,Komu / Igbojaye,202106,Ilaji
Itesiwaju,Komu / Igbojaye,202106,Kajola
Itesiwaju,Komu / Igbojaye,202106,Komu
Itesiwaju,Komu / Igbojaye,202106,Kujifi
Itesiwaju,Komu / Igbojaye,202106,Monmon
Itesiwaju,Komu / Igbojaye,202106,Ogodu
Itesiwaju,Komu / Igbojaye,202106,Ojurepepe
Itesiwaju,Komu / Igbojaye,202106,Olekete
Itesiwaju,Komu / Igbojaye,202106,Olukotun
Itesiwaju,Komu / Igbojaye,202106,Olunlade
Itesiwaju,Komu / Igbojaye,202106,Omopupa
Itesiwaju,Komu / Igbojaye,202106,Orisunbare
Itesiwaju,Komu / Igbojaye,202106,Oroki
Itesiwaju,Temidire Layout,202105,Aba Paha
Itesiwaju,Temidire Layout,202105,Abidogun
Itesiwaju,Temidire Layout,202105,Ahere
Itesiwaju,Temidire Layout,202105,Alaga
Itesiwaju,Temidire Layout,202105,Apa Funwonleta
Itesiwaju,Temidire Layout,202105,Arogede
Itesiwaju,Temidire Layout,202105,Asaju Onileku
Itesiwaju,Temidire Layout,202105,Egbedoyin
Itesiwaju,Temidire Layout,202105,Okaka
Itesiwaju,Temidire Layout,202105,Onijokun
Itesiwaju,Temidire Layout,202105,Suberu
Iwajowa,Aiyegun,202112,Aiyegun
Iwajowa,Aiyegun,202112,Border Area
Iwajowa,Aiyegun,202112,Oha Village
Iwajowa,Aiyegun,202112,Wasinmi
Iwajowa,Idiko Ago / Itasa / Ayetoroile,202114,Aba Akinsapon
Iwajowa,Idiko Ago / Itasa / Ayetoroile,202114,Aba Ayetoro-Ile
Iwajowa,Idiko Ago / Itasa / Ayetoroile,202114,Aba Ifo Ere
Iwajowa,Idiko Ago / Itasa / Ayetoroile,202114,Aba Obelu
Iwajowa,Idiko Ago / Itasa / Ayetoroile,202114,Aba Oko Aje
Iwajowa,Idiko Ago / Itasa / Ayetoroile,202114,Aba Oloje
Iwajowa,Idiko Ago / Itasa / Ayetoroile,202114,Agbeji Village
Iwajowa,Idiko Ago / Itasa / Ayetoroile,202114,Alapa Village
Iwajowa,Idiko Ago / Itasa / Ayetoroile,202114,Asefisun Village I
Iwajowa,Idiko Ago / Itasa / Ayetoroile,202114,Asefisun village II
Iwajowa,Idiko Ago / Itasa / Ayetoroile,202114,Ayetoro Ile
Iwajowa,Idiko Ago / Itasa / Ayetoroile,202114,Dauda Village
Iwajowa,Idiko Ago / Itasa / Ayetoroile,202114,Ehinke
Iwajowa,Idiko Ago / Itasa / Ayetoroile,202114,Gaa Arole
Iwajowa,Idiko Ago / Itasa / Ayetoroile,202114,Gaa Arubiewe
Iwajowa,Idiko Ago / Itasa / Ayetoroile,202114,Gaa Atiku
Iwajowa,Idiko Ago / Itasa / Ayetoroile,202114,Gaa Saliu
Iwajowa,Idiko Ago / Itasa / Ayetoroile,202114,Gbedu Village
Iwajowa,Idiko Ago / Itasa / Ayetoroile,202114,Idiko-Ago
Iwajowa,Idiko Ago / Itasa / Ayetoroile,202114,Idogun Oko Oloti
Iwajowa,Idiko Ago / Itasa / Ayetoroile,202114,Igbole
Iwajowa,Idiko Ago / Itasa / Ayetoroile,202114,Iseni
Iwajowa,Idiko Ago / Itasa / Ayetoroile,202114,Itasa
Iwajowa,Idiko Ago / Itasa / Ayetoroile,202114,Keun II
Iwajowa,Idiko Ago / Itasa / Ayetoroile,202114,Madi Village
Iwajowa,Idiko Ago / Itasa / Ayetoroile,202114,Okan Village
Iwajowa,Idiko Ago / Itasa / Ayetoroile,202114,Oke Aba Village
Iwajowa,Idiko Ago / Itasa / Ayetoroile,202114,Ologbo
Iwajowa,Idiko Ago / Itasa / Ayetoroile,202114,Olopele
Iwajowa,Idiko Ago / Itasa / Ayetoroile,202114,Onipako Village
Iwajowa,Idiko Ago / Itasa / Ayetoroile,202114,Oyan
Iwajowa,Idiko Ago / Itasa / Ayetoroile,202114,Sabeleke
Iwajowa,Idiko-Ile,202116,Aba Jagba
Iwajowa,Idiko-Ile,202116,Aba Lamidi
Iwajowa,Idiko-Ile,202116,Alaidan
Iwajowa,Idiko-Ile,202116,Forekemi I
Iwajowa,Idiko-Ile,202116,Forekemi II
Iwajowa,Idiko-Ile,202116,Forekemi III
Iwajowa,Idiko-Ile,202116,Gaa Irete
Iwajowa,Idiko-Ile,202116,Idiko-Ile
Iwajowa,Idiko-Ile,202116,Igbo Ikun
Iwajowa,Idiko-Ile,202116,Igbo Olesin
Iwajowa,Idiko-Ile,202116,Igbo Olubi
Iwajowa,Idiko-Ile,202116,Igbodo
Iwajowa,Idiko-Ile,202116,Konkonbido
Iwajowa,Idiko-Ile,202116,LFI Farm Area
Iwajowa,Idiko-Ile,202116,Okola
Iwajowa,Idiko-Ile,202116,Omo Odo Oyinbo Village
Iwajowa,Iganna,202110,Igbo Eleeru
Iwajowa,Iganna,202110,Aba Aladura I
Iwajowa,Iganna,202110,Aba Alapinni
Iwajowa,Iganna,202110,Aba Arugbo Oto
Iwajowa,Iganna,202110,Aba Dabaru
Iwajowa,Iganna,202110,Aba Gbelekale
Iwajowa,Iganna,202110,Aba Makurdi
Iwajowa,Iganna,202110,Aba Okeho
Iwajowa,Iganna,202110,Aba Olokunola
Iwajowa,Iganna,202110,Aba Omodudu
Iwajowa,Iganna,202110,Aba Ontanyin
Iwajowa,Iganna,202110,Aba Soonsi
Iwajowa,Iganna,202110,Aba Tapa
Iwajowa,Iganna,202110,Abowoyagba
Iwajowa,Iganna,202110,Abule baba Isale
Iwajowa,Iganna,202110,Abule Lemomu
Iwajowa,Iganna,202110,Agba
Iwajowa,Iganna,202110,Agbaakin
Iwajowa,Iganna,202110,Agbegilori
Iwajowa,Iganna,202110,Ago
Iwajowa,Iganna,202110,Ajase
Iwajowa,Iganna,202110,Ajimati Village
Iwajowa,Iganna,202110,Akaparo Village
Iwajowa,Iganna,202110,Akinniku
Iwajowa,Iganna,202110,Alokolodo Village
Iwajowa,Iganna,202110,Apaobe
Iwajowa,Iganna,202110,Apata Ibadan
Iwajowa,Iganna,202110,Arigbejo
Iwajowa,Iganna,202110,Arole Ikoko
Iwajowa,Iganna,202110,Ayede
Iwajowa,Iganna,202110,Baba Igbagbo Village
Iwajowa,Iganna,202110,Baba Mogba
Iwajowa,Iganna,202110,Balogun Ofeefun
Iwajowa,Iganna,202110,Basipa
Iwajowa,Iganna,202110,Budo Iseyin
Iwajowa,Iganna,202110,Dango
Iwajowa,Iganna,202110,Eeri
Iwajowa,Iganna,202110,Eesunla
Iwajowa,Iganna,202110,Efunwumi
Iwajowa,Iganna,202110,Eleeru
Iwajowa,Iganna,202110,Elekokan
Iwajowa,Iganna,202110,Fedegbo
Iwajowa,Iganna,202110,Idi Ose
Iwajowa,Iganna,202110,Idi Kasia
Iwajowa,Iganna,202110,Idi Oro
Iwajowa,Iganna,202110,Igbanna
Iwajowa,Iganna,202110,Igbo Ako
Iwajowa,Iganna,202110,Igbo Odan
Iwajowa,Iganna,202110,Igbo Odun
Iwajowa,Iganna,202110,Ikia
Iwajowa,Iganna,202110,Imode
Iwajowa,Iganna,202110,Inamere
Iwajowa,Iganna,202110,Isagbon
Iwajowa,Iganna,202110,Jagun Leeri
Iwajowa,Iganna,202110,Joloko
Iwajowa,Iganna,202110,Karimu
Iwajowa,Iganna,202110,Lapaho
Iwajowa,Iganna,202110,Mogoji
Iwajowa,Iganna,202110,Odedudu
Iwajowa,Iganna,202110,Ofeegun
Iwajowa,Iganna,202110,Ofiki
Iwajowa,Iganna,202110,Ogbu I
Iwajowa,Iganna,202110,Ogbu II
Iwajowa,Iganna,202110,Ogbua
Iwajowa,Iganna,202110,Ojapa
Iwajowa,Iganna,202110,Oke Ago
Iwajowa,Iganna,202110,Okesu
Iwajowa,Iganna,202110,Olomopupo
Iwajowa,Iganna,202110,Olorunda
Iwajowa,Iganna,202110,Olosan
Iwajowa,Iganna,202110,Olowokese
Iwajowa,Iganna,202110,Olukoti
Iwajowa,Iganna,202110,Onikoro
Iwajowa,Iganna,202110,Oobo
Iwajowa,Iganna,202110,Otubu
Iwajowa,Iganna,202110,Saaki
Iwajowa,Iganna,202110,Sonson
Iwajowa,Iganna,202110,Temidire
Iwajowa,Iganna,202110,Tudi
Iwajowa,Ijio,202113,Abafon
Iwajowa,Ijio,202113,Alajuba
Iwajowa,Ijio,202113,Alapa
Iwajowa,Ijio,202113,Baba Jugu
Iwajowa,Ijio,202113,Ijio
Iwajowa,Ijio,202113,Laafin
Iwajowa,Ijio,202113,Ohori
Iwajowa,Ijio,202113,Okooko
Iwajowa,Ijio,202113,Oloro
Iwajowa,Ijio,202113,Pele
Iwajowa,Ijio,202113,Samo
Iwajowa,Ijio,202113,Yellow
Iwajowa,Ilaji Ile,202115,Aaapa
Iwajowa,Ilaji Ile,202115,Aba Aladura II
Iwajowa,Ilaji Ile,202115,Aba Fulani
Iwajowa,Ilaji Ile,202115,Aba Iteku
Iwajowa,Ilaji Ile,202115,Aba Josiah
Iwajowa,Ilaji Ile,202115,Aba Ogunlade
Iwajowa,Ilaji Ile,202115,Alaje
Iwajowa,Ilaji Ile,202115,Apara
Iwajowa,Ilaji Ile,202115,Apinni
Iwajowa,Ilaji Ile,202115,Ede
Iwajowa,Ilaji Ile,202115,Eyinke
Iwajowa,Ilaji Ile,202115,Igbogaa
Iwajowa,Ilaji Ile,202115,Ilaji-Ile
Iwajowa,Ilaji Ile,202115,Itee I
Iwajowa,Ilaji Ile,202115,Itee II
Iwajowa,Ilaji Ile,202115,Ogbere I
Iwajowa,Ilaji Ile,202115,Ogbere II
Iwajowa,Ilaji Ile,202115,Ogbere III
Iwajowa,Ilaji Ile,202115,Oke- Oyan
Iwajowa,Ilaji Ile,202115,Oke-Itunu
Iwajowa,Ilaji Ile,202115,Osofa
Iwajowa,Ilaji Ile,202115,Osuuru
Iwajowa,Ilaji Ile,202115,Tubu
Iwajowa,Iwere Ile,202111,Aba Baba Sango
Iwajowa,Iwere Ile,202111,Aba Adeniran
Iwajowa,Iwere Ile,202111,Aba Alado
Iwajowa,Iwere Ile,202111,Aba Alaye
Iwajowa,Iwere Ile,202111,Aba Ayoola
Iwajowa,Iwere Ile,202111,Aba Baba
Iwajowa,Iwere Ile,202111,Aba Bamikarere - Alajuba
Iwajowa,Iwere Ile,202111,Aba Egbeda
Iwajowa,Iwere Ile,202111,Aba Ele
Iwajowa,Iwere Ile,202111,Aba Esudele
Iwajowa,Iwere Ile,202111,Aba Ibadan I
Iwajowa,Iwere Ile,202111,Aba Ibasun
Iwajowa,Iwere Ile,202111,Aba Idi Igba
Iwajowa,Iwere Ile,202111,Aba Igbo- Elewuro
Iwajowa,Iwere Ile,202111,Aba Ilaji
Iwajowa,Iwere Ile,202111,Aba Iseyin
Iwajowa,Iwere Ile,202111,Aba kobinu
Iwajowa,Iwere Ile,202111,Aba Kokumo
Iwajowa,Iwere Ile,202111,Aba Odo Dudu
Iwajowa,Iwere Ile,202111,Aba Okoro
Iwajowa,Iwere Ile,202111,Aba Onigilori/Adesina
Iwajowa,Iwere Ile,202111,Aba Osi
Iwajowa,Iwere Ile,202111,Aba Saminu Ladele
Iwajowa,Iwere Ile,202111,Adesina
Iwajowa,Iwere Ile,202111,Agbaruru
Iwajowa,Iwere Ile,202111,Agbonla/Tafa Village
Iwajowa,Iwere Ile,202111,Aiyetoro Ile
Iwajowa,Iwere Ile,202111,Ajekigbe Village
Iwajowa,Iwere Ile,202111,Akoda
Iwajowa,Iwere Ile,202111,Alahji Aibina Vill.
Iwajowa,Iwere Ile,202111,Alajuba
Iwajowa,Iwere Ile,202111,Alaraba Village
Iwajowa,Iwere Ile,202111,Alugben
Iwajowa,Iwere Ile,202111,Apakolo
Iwajowa,Iwere Ile,202111,Apata
Iwajowa,Iwere Ile,202111,Asipa
Iwajowa,Iwere Ile,202111,Balu Village
Iwajowa,Iwere Ile,202111,Eeye Village
Iwajowa,Iwere Ile,202111,Egbedeyi
Iwajowa,Iwere Ile,202111,Egideeye Village
Iwajowa,Iwere Ile,202111,Elewuro
Iwajowa,Iwere Ile,202111,Epo Village
Iwajowa,Iwere Ile,202111,Falana
Iwajowa,Iwere Ile,202111,Gaa Alhaji Dankaso
Iwajowa,Iwere Ile,202111,Gaa Alhaji Diko
Iwajowa,Iwere Ile,202111,Gaa Alhaji Gwani
Iwajowa,Iwere Ile,202111,Gaa Gooro-Belu Village
Iwajowa,Iwere Ile,202111,Gaa Idi-Igba
Iwajowa,Iwere Ile,202111,Gaa Momodu
Iwajowa,Iwere Ile,202111,Gaa Sanbo
Iwajowa,Iwere Ile,202111,Gaa Sunmonu
Iwajowa,Iwere Ile,202111,Galajimo
Iwajowa,Iwere Ile,202111,Gbendeke
Iwajowa,Iwere Ile,202111,Ibudo Oko Agbede
Iwajowa,Iwere Ile,202111,Idi - Iroko
Iwajowa,Iwere Ile,202111,Idi Ero Village
Iwajowa,Iwere Ile,202111,Idogun
Iwajowa,Iwere Ile,202111,Iwa
Iwajowa,Iwere Ile,202111,Iwere Ile
Iwajowa,Iwere Ile,202111,Jalepi
Iwajowa,Iwere Ile,202111,Kete
Iwajowa,Iwere Ile,202111,Keun I Village
Iwajowa,Iwere Ile,202111,Ogundeji
Iwajowa,Iwere Ile,202111,Ogungbenle
Iwajowa,Iwere Ile,202111,Ohori I Village
Iwajowa,Iwere Ile,202111,Ohori II Village
Iwajowa,Iwere Ile,202111,Oje Village
Iwajowa,Iwere Ile,202111,Olomu
Iwajowa,Iwere Ile,202111,Olurepepe
Iwajowa,Iwere Ile,202111,Onigbongbo Village
Iwajowa,Iwere Ile,202111,Owode
Iwajowa,Iwere Ile,202111,Owure
Iwajowa,Iwere Ile,202111,Sonyin
Iwajowa,Iwere Ile,202111,Sooso I Village
Iwajowa,Iwere Ile,202111,Sooso II Village
Iwajowa,Iwere Ile,202111,Tafa Village
Iwajowa,Iwere Ile,202111,Wayin
Kajola,Ilero,202108,Aaalago
Kajola,Ilero,202108,Aba Oloyinka
Kajola,Ilero,202108,Agbamo
Kajola,Ilero,202108,Agbede
Kajola,Ilero,202108,Agbeleje
Kajola,Ilero,202108,Ago Ipapo
Kajola,Ilero,202108,Ajala
Kajola,Ilero,202108,Akintegbe
Kajola,Ilero,202108,Alaje
Kajola,Ilero,202108,Alapola
Kajola,Ilero,202108,Alatori
Kajola,Ilero,202108,Alatori Ojo
Kajola,Ilero,202108,Alokoloja
Kajola,Ilero,202108,Amudago
Kajola,Ilero,202108,Arioje
Kajola,Ilero,202108,Atupo
Kajola,Ilero,202108,Ayetorokowosi
Kajola,Ilero,202108,Bale Ayito
Kajola,Ilero,202108,Egbeda
Kajola,Ilero,202108,Gbodogbodo
Kajola,Ilero,202108,Gbokoyi
Kajola,Ilero,202108,Gboro
Kajola,Ilero,202108,Idi Ayin
Kajola,Ilero,202108,Idi Isin
Kajola,Ilero,202108,Igbooopa
Kajola,Ilero,202108,Igborokodowo
Kajola,Ilero,202108,Igho Alubo
Kajola,Ilero,202108,Ighoopa
Kajola,Ilero,202108,Ilero
Kajola,Ilero,202108,Ilero Ago
Kajola,Ilero,202108,Isale Iwere
Kajola,Ilero,202108,Jagun Abese
Kajola,Ilero,202108,Labulo
Kajola,Ilero,202108,Molete
Kajola,Ilero,202108,Oguntaye
Kajola,Ilero,202108,Oko oba
Kajola,Ilero,202108,Olokobo
Kajola,Ilero,202108,Olope
Kajola,Ilero,202108,Olorunsogo
Kajola,Ilero,202108,Olowa
Kajola,Ilero,202108,Olukosi
Kajola,Ilero,202108,Olukotun
Kajola,Ilero,202108,Opopo Mawo
Kajola,Ilero,202108,Osin Ago
Kajola,Ilero,202108,Sangodokun
Kajola,Ilero,202108,Sobaloju
Kajola,Ilero,202108,Tofio
Kajola,Isemi-Ile/ Ilua,202109,Aaatan
Kajola,Isemi-Ile/ Ilua,202109,Aba Saria
Kajola,Isemi-Ile/ Ilua,202109,Abataibo
Kajola,Isemi-Ile/ Ilua,202109,Abisapa
Kajola,Isemi-Ile/ Ilua,202109,Agbamabiwon
Kajola,Isemi-Ile/ Ilua,202109,Agunfon
Kajola,Isemi-Ile/ Ilua,202109,Ajaji
Kajola,Isemi-Ile/ Ilua,202109,Ajipopo
Kajola,Isemi-Ile/ Ilua,202109,Akinlawon
Kajola,Isemi-Ile/ Ilua,202109,Alafefe
Kajola,Isemi-Ile/ Ilua,202109,Alusekere I and II
Kajola,Isemi-Ile/ Ilua,202109,Apaja
Kajola,Isemi-Ile/ Ilua,202109,Araromi
Kajola,Isemi-Ile/ Ilua,202109,Asinmolowo
Kajola,Isemi-Ile/ Ilua,202109,Asoore
Kajola,Isemi-Ile/ Ilua,202109,Ayomaya
Kajola,Isemi-Ile/ Ilua,202109,Babamogba
Kajola,Isemi-Ile/ Ilua,202109,Bale Oke Ogun
Kajola,Isemi-Ile/ Ilua,202109,Budo Alaga
Kajola,Isemi-Ile/ Ilua,202109,Egbeleka
Kajola,Isemi-Ile/ Ilua,202109,Ekuku
Kajola,Isemi-Ile/ Ilua,202109,Eletu
Kajola,Isemi-Ile/ Ilua,202109,Esinmu
Kajola,Isemi-Ile/ Ilua,202109,Gbelekale
Kajola,Isemi-Ile/ Ilua,202109,Gele Gele
Kajola,Isemi-Ile/ Ilua,202109,Gelede
Kajola,Isemi-Ile/ Ilua,202109,Idi Ayin
Kajola,Isemi-Ile/ Ilua,202109,Idi Esu
Kajola,Isemi-Ile/ Ilua,202109,Idi Igba
Kajola,Isemi-Ile/ Ilua,202109,Idi Odan
Kajola,Isemi-Ile/ Ilua,202109,Idi Ooro
Kajola,Isemi-Ile/ Ilua,202109,Ifadamiduro Abiowo
Kajola,Isemi-Ile/ Ilua,202109,Igbo Alayin
Kajola,Isemi-Ile/ Ilua,202109,Igbo Asalu
Kajola,Isemi-Ile/ Ilua,202109,Igbo Baale
Kajola,Isemi-Ile/ Ilua,202109,Igbo bale
Kajola,Isemi-Ile/ Ilua,202109,Igbo Iroko
Kajola,Isemi-Ile/ Ilua,202109,Igbogaa
Kajola,Isemi-Ile/ Ilua,202109,Ile Ago
Kajola,Isemi-Ile/ Ilua,202109,Ilua
Kajola,Isemi-Ile/ Ilua,202109,Imia
Kajola,Isemi-Ile/ Ilua,202109,Imoba Ile
Kajola,Isemi-Ile/ Ilua,202109,Isanrin
Kajola,Isemi-Ile/ Ilua,202109,Isemi-Ile
Kajola,Isemi-Ile/ Ilua,202109,Jofoba
Kajola,Isemi-Ile/ Ilua,202109,Kangunmalo
Kajola,Isemi-Ile/ Ilua,202109,Kogoru
Kajola,Isemi-Ile/ Ilua,202109,Langbin
Kajola,Isemi-Ile/ Ilua,202109,Lanlosi
Kajola,Isemi-Ile/ Ilua,202109,Mamu Alamala
Kajola,Isemi-Ile/ Ilua,202109,Mogaji
Kajola,Isemi-Ile/ Ilua,202109,Motaku
Kajola,Isemi-Ile/ Ilua,202109,Ogbugudu
Kajola,Isemi-Ile/ Ilua,202109,Ogunlokeodo
Kajola,Isemi-Ile/ Ilua,202109,Ojete
Kajola,Isemi-Ile/ Ilua,202109,Oke Eru
Kajola,Isemi-Ile/ Ilua,202109,Oke Oge
Kajola,Isemi-Ile/ Ilua,202109,Okesado
Kajola,Isemi-Ile/ Ilua,202109,Okuta Epa
Kajola,Isemi-Ile/ Ilua,202109,Okuta Keyinkeyin
Kajola,Isemi-Ile/ Ilua,202109,Olaitan Adimu
Kajola,Isemi-Ile/ Ilua,202109,Ologbin
Kajola,Isemi-Ile/ Ilua,202109,Ologoji
Kajola,Isemi-Ile/ Ilua,202109,Olokoyo
Kajola,Isemi-Ile/ Ilua,202109,Olole Ile
Kajola,Isemi-Ile/ Ilua,202109,Onirokomeji
Kajola,Isemi-Ile/ Ilua,202109,Onitiri
Kajola,Isemi-Ile/ Ilua,202109,Oore
Kajola,Isemi-Ile/ Ilua,202109,Opoopo
Kajola,Isemi-Ile/ Ilua,202109,Sangolase
Kajola,Isemi-Ile/ Ilua,202109,Sannagi
Kajola,Isemi-Ile/ Ilua,202109,Sekere
Kajola,Isemi-Ile/ Ilua,202109,Yakoyo
Kajola,Okeho,202107,Okeho and Village
Lagelu,Ejioku /Ile Igbon /Ariku,200101,Aba Edun
Lagelu,Ejioku /Ile Igbon /Ariku,200101,Aboke
Lagelu,Ejioku /Ile Igbon /Ariku,200101,Ariku
Lagelu,Ejioku /Ile Igbon /Ariku,200101,Ejioku
Lagelu,Ejioku /Ile Igbon /Ariku,200101,Elegbada
Lagelu,Ejioku /Ile Igbon /Ariku,200101,Elekuru
Lagelu,Ejioku /Ile Igbon /Ariku,200101,Eleyan Igbo
Lagelu,Ejioku /Ile Igbon /Ariku,200101,Fagbemi
Lagelu,Ejioku /Ile Igbon /Ariku,200101,Idi Akitiko
Lagelu,Ejioku /Ile Igbon /Ariku,200101,Idi Igba
Lagelu,Ejioku /Ile Igbon /Ariku,200101,Idi Ogun
Lagelu,Ejioku /Ile Igbon /Ariku,200101,Idi Ogun Omowale
Lagelu,Ejioku /Ile Igbon /Ariku,200101,Ile Igbon
Lagelu,Ejioku /Ile Igbon /Ariku,200101,Olodogboro
Lagelu,Ejioku /Ile Igbon /Ariku,200101,Oloja Oke
Lagelu,Ejioku /Ile Igbon /Ariku,200101,Onigbede
Lagelu,Ejioku /Ile Igbon /Ariku,200101,Onigbodo
Lagelu,Ejioku /Ile Igbon /Ariku,200101,Oyagaga
Lagelu,Ejioku /Ile Igbon /Ariku,200101,Oyediran
Lagelu,Lagun / Aromona,200107,Aba Bale Olobo
Lagelu,Lagun / Aromona,200107,Aba Egan
Lagelu,Lagun / Aromona,200107,Akankan
Lagelu,Lagun / Aromona,200107,Aromona
Lagelu,Lagun / Aromona,200107,Bale-Oya
Lagelu,Lagun / Aromona,200107,Bolorunduro
Lagelu,Lagun / Aromona,200107,Lagun
Lagelu,Lagun / Aromona,200107,Laketu
Lagelu,Lagun / Aromona,200107,Lamuyan
Lagelu,Lagun / Aromona,200107,Ogburo
Lagelu,Lagun / Aromona,200107,Ogunjana
Lagelu,Lagun / Aromona,200107,Onilu
Lagelu,Lagun / Aromona,200107,Owode
Lagelu,Lalupon / Iyana Offa,200102,Aba lgbira
Lagelu,Lalupon / Iyana Offa,200102,Akinsawe
Lagelu,Lalupon / Iyana Offa,200102,Gidi Gidi
Lagelu,Lalupon / Iyana Offa,200102,Idi Osan
Lagelu,Lalupon / Iyana Offa,200102,Iyana Offa
Lagelu,Lalupon / Iyana Offa,200102,Jagun Egan
Lagelu,Lalupon / Iyana Offa,200102,Lalupon
Lagelu,Lalupon / Iyana Offa,200102,Molepin
Lagelu,Lalupon / Iyana Offa,200102,Odo Oba
Lagelu,Lalupon / Iyana Offa,200102,Papa Gegede
Lagelu,Lalupon / Iyana Offa,200102,Sukuru
Lagelu,Offa-Igbo,200104,Aba Ogundipe
Lagelu,Offa-Igbo,200104,Aba Oje
Lagelu,Offa-Igbo,200104,Adedokun
Lagelu,Offa-Igbo,200104,Ajimagbo
Lagelu,Offa-Igbo,200104,Alawusa
Lagelu,Offa-Igbo,200104,Aromona
Lagelu,Offa-Igbo,200104,Balogun
Lagelu,Offa-Igbo,200104,Dagi
Lagelu,Offa-Igbo,200104,Elemu
Lagelu,Offa-Igbo,200104,Ode Ote
Lagelu,Offa-Igbo,200104,Offa Igbo
Lagelu,Offa-Igbo,200104,Olokuta
Lagelu,Offa-Igbo,200104,Wasimi
Lagelu,Ogunremi / Ogunsina,200108,Alatare
Lagelu,Ogunremi / Ogunsina,200108,Eleruko
Lagelu,Ogunremi / Ogunsina,200108,Ogunremi
Lagelu,Ogunremi / Ogunsina,200108,Ogunsina
Lagelu,Ogunremi / Ogunsina,200108,Ogunsowo
Lagelu,Olorunda/ Monatan,200103,Aba Alaropo
Lagelu,Olorunda/ Monatan,200103,Agoro
Lagelu,Olorunda/ Monatan,200103,Ajangboju
Lagelu,Olorunda/ Monatan,200103,Akobo
Lagelu,Olorunda/ Monatan,200103,Alapata
Lagelu,Olorunda/ Monatan,200103,Alegongo
Lagelu,Olorunda/ Monatan,200103,Arulogunehin
Lagelu,Olorunda/ Monatan,200103,Arun
Lagelu,Olorunda/ Monatan,200103,Asi
Lagelu,Olorunda/ Monatan,200103,Balogun
Lagelu,Olorunda/ Monatan,200103,Dosumu
Lagelu,Olorunda/ Monatan,200103,Elewuro
Lagelu,Olorunda/ Monatan,200103,Farinto
Lagelu,Olorunda/ Monatan,200103,Idi Araba
Lagelu,Olorunda/ Monatan,200103,Ijara
Lagelu,Olorunda/ Monatan,200103,Iyana Church
Lagelu,Olorunda/ Monatan,200103,Kasela
Lagelu,Olorunda/ Monatan,200103,Kelebe
Lagelu,Olorunda/ Monatan,200103,Leyland Area
Lagelu,Olorunda/ Monatan,200103,Monatan
Lagelu,Olorunda/ Monatan,200103,New Gbagi Market Area
Lagelu,Olorunda/ Monatan,200103,Olode
Lagelu,Olorunda/ Monatan,200103,Olodo
Lagelu,Olorunda/ Monatan,200103,Olorunda
Lagelu,Olorunda/ Monatan,200103,Olua
Lagelu,Olorunda/ Monatan,200103,Onikokoro
Lagelu,Olorunda/ Monatan,200103,Opeodu
Lagelu,Oyedeji/Olode/ Kutayi,200106,Aaje
Lagelu,Oyedeji/Olode/ Kutayi,200106,Aba
Lagelu,Oyedeji/Olode/ Kutayi,200106,Apatere
Lagelu,Oyedeji/Olode/ Kutayi,200106,Kufli
Lagelu,Oyedeji/Olode/ Kutayi,200106,Kutayi-Alapa
Lagelu,Oyedeji/Olode/ Kutayi,200106,Ogo
Lagelu,Oyedeji/Olode/ Kutayi,200106,Ogunbode
Lagelu,Oyedeji/Olode/ Kutayi,200106,Olode
Lagelu,Oyedeji/Olode/ Kutayi,200106,Oyedeji
Lagelu,Sagbe / Pabiekun,200105,Anifa
Lagelu,Sagbe / Pabiekun,200105,Atiba
Lagelu,Sagbe / Pabiekun,200105,Bangbola
Lagelu,Sagbe / Pabiekun,200105,Farukan
Lagelu,Sagbe / Pabiekun,200105,Isagede
Lagelu,Sagbe / Pabiekun,200105,Kiremi
Lagelu,Sagbe / Pabiekun,200105,Oteda
Lagelu,Sagbe / Pabiekun,200105,Pabiekun
Lagelu,Sagbe / Pabiekun,200105,Sagbe
Ogo-Oluwa,Ogo Oluwa,210213,Ajaawa
Ogo-Oluwa,Ogo Oluwa,210213,Ayede
Ogo-Oluwa,Ogo Oluwa,210213,Ayetoro
Ogo-Oluwa,Ogo Oluwa,210213,Idewure
Ogo-Oluwa,Ogo Oluwa,210213,Iwo-Ate
Ogo-Oluwa,Ogo Oluwa,210213,Lagbedu
Ogo-Oluwa,Ogo Oluwa,210213,Odo-Oba
Ogo-Oluwa,Ogo Oluwa,210213,Opete
Ogo-Oluwa,Ogo Oluwa,210213,Otamokun
Olorunsogo,Igbeti,212102,Abenu
Olorunsogo,Igbeti,212102,Abere-ijo
Olorunsogo,Igbeti,212102,Agbogangan
Olorunsogo,Igbeti,212102,Agbona
Olorunsogo,Igbeti,212102,Ageri
Olorunsogo,Igbeti,212102,Ago Fulani
Olorunsogo,Igbeti,212102,Alakuko
Olorunsogo,Igbeti,212102,Alapete
Olorunsogo,Igbeti,212102,Alawa
Olorunsogo,Igbeti,212102,Aloba-bi-oke
Olorunsogo,Igbeti,212102,Aloba-Ile
Olorunsogo,Igbeti,212102,Alusekere
Olorunsogo,Igbeti,212102,Apa-Odo Opa
Olorunsogo,Igbeti,212102,Asure-Ola
Olorunsogo,Igbeti,212102,Ayekale
Olorunsogo,Igbeti,212102,Binukonu
Olorunsogo,Igbeti,212102,Bosaro
Olorunsogo,Igbeti,212102,Bosere
Olorunsogo,Igbeti,212102,Budo-Igbo
Olorunsogo,Igbeti,212102,Edunjo
Olorunsogo,Igbeti,212102,Eleke-Elere
Olorunsogo,Igbeti,212102,Elekoto
Olorunsogo,Igbeti,212102,Elemere
Olorunsogo,Igbeti,212102,Elesin
Olorunsogo,Igbeti,212102,Ewuji-Asa
Olorunsogo,Igbeti,212102,Gaa Aliyu
Olorunsogo,Igbeti,212102,Gaa Dende
Olorunsogo,Igbeti,212102,Gaa Sangojinmi
Olorunsogo,Igbeti,212102,Gaa sidi
Olorunsogo,Igbeti,212102,Gaa Suberu
Olorunsogo,Igbeti,212102,Gasali
Olorunsogo,Igbeti,212102,Gboko
Olorunsogo,Igbeti,212102,Gida Lalere
Olorunsogo,Igbeti,212102,Godo-godo
Olorunsogo,Igbeti,212102,Idi Ogede
Olorunsogo,Igbeti,212102,Igbeti
Olorunsogo,Igbeti,212102,Igbo Elemi
Olorunsogo,Igbeti,212102,Jabiolowu
Olorunsogo,Igbeti,212102,Jenkoro
Olorunsogo,Igbeti,212102,Jeunkunu
Olorunsogo,Igbeti,212102,Jokoro
Olorunsogo,Igbeti,212102,Karamo
Olorunsogo,Igbeti,212102,Kendoro
Olorunsogo,Igbeti,212102,Kosigi
Olorunsogo,Igbeti,212102,Lawoyin
Olorunsogo,Igbeti,212102,Ogbagba
Olorunsogo,Igbeti,212102,Okebode
Olorunsogo,Igbeti,212102,Olododo
Olorunsogo,Igbeti,212102,Olokoto-Iju
Olorunsogo,Igbeti,212102,Olorubaba
Olorunsogo,Igbeti,212102,Olowe
Olorunsogo,Igbeti,212102,Olupo
Olorunsogo,Igbeti,212102,Onigidudu
Olorunsogo,Igbeti,212102,Onipede
Olorunsogo,Igbeti,212102,Oniyeye
Olorunsogo,Igbeti,212102,Oro-Ola
Olorunsogo,Igbeti,212102,Osowuelegan
Olorunsogo,Igbeti,212102,Pankoko
Olorunsogo,Igbeti,212102,Tantomo
Olorunsogo,Igbeti,212102,Tesi baba pupa
Oluyole,Idi-Ayunre,200214,Ayegun
Oluyole,Idi-Ayunre,200214,Idi-Iroko
Oluyole,Idi-Ayunre,200214,Ikereku
Oluyole,Idi-Ayunre,200214,Idi-Osan
Oluyole,Idi-Ayunre,200214,Egbeda-Atuba
Oluyole,Idi-Ayunre,200214,Muslim
Oluyole,Idi-Ayunre,200214,Ogbere
Oluyole,Idi-Ayunre,200214,Omiyale
Oluyole,Idi-Ayunre,200214,Odo-Ona Nla
Oluyole,Idi-Ayunre,200214,Okanhinde
Oluyole,Idi-Ayunre,200214,Latunde
Oluyole,Idi-Ayunre,200214,Olomi
Oluyole,Idi-Ayunre,200214,Olurinde
Oluyole,Idi-Ayunre,200214,Olonde
Oluyole,Idi-Ayunre,200214,Aba-Nla
Oluyole,Idi-Ayunre,200214,Onipe
Oluyole,Idi-Ayunre,200214,Orisunbare
Oluyole,Idi-Ayunre,200214,Ojo-Ekun
Oluyole,Idi-Ayunre,200214,Pako
Oluyole,Idi-Ayunre,200214,Odo-Okun
Ona-Ara,Akanran,201104,Akanran
Ona-Ara,Akanran,201104,Olorunda
Ona-Ara,Akanran,201104,Araromi
Ona-Ara,Akanran,201104,Aperin
Ona-Ara,Akanran,201104,Badeku
Ona-Ara,Akanran,201104,Gbada Efon
Ona-Ara,Akanran,201104,Odi Odeyale
Ona-Ara,Akanran,201104,Odi Aperin
Ona-Ara,Akanran,201104,Ogbere Tioya
Ona-Ara,Akanran,201104,Ojoku
Ona-Ara,Akanran,201104,Ajia
Ona-Ara,Akanran,201104,Olorunsogo
Ona-Ara,Akanran,201104,Olode
Ona-Ara,Akanran,201104,Gbedun
Ona-Ara,Akanran,201104,Ojebode
Ona-Ara,Akanran,201104,Oremeji
Ona-Ara,Akanran,201104,Agugu
Orelope,Igboho Township,212103,Bonni
Orelope,Igboho Township,212103,Igbope
Orelope,Igboho Township,212103,Jakuta
Orelope,Igboho Township,212103,Modeke
Orelope,Igboho Township,212103,Obaago
Orelope,Igboho Township,212103,Oke Afin
Orelope,Igboho Township,212103,Oke Igboho
Orelope,Igboho Villages,212104,Aba Woru
Orelope,Igboho Villages,212104,Aba Yekini
Orelope,Igboho Villages,212104,Abo Mango
Orelope,Igboho Villages,212104,Aboni Ayo
Orelope,Igboho Villages,212104,Abule Soro
Orelope,Igboho Villages,212104,Adefi
Orelope,Igboho Villages,212104,Adenko
Orelope,Igboho Villages,212104,Adeta
Orelope,Igboho Villages,212104,Afun
Orelope,Igboho Villages,212104,Agunla
Orelope,Igboho Villages,212104,Ahoro Adan
Orelope,Igboho Villages,212104,Ajagba
Orelope,Igboho Villages,212104,Akingbasa
Orelope,Igboho Villages,212104,Alaba
Orelope,Igboho Villages,212104,Alagbon
Orelope,Igboho Villages,212104,Alaguntan
Orelope,Igboho Villages,212104,Alahji Beliki
Orelope,Igboho Villages,212104,Alarode
Orelope,Igboho Villages,212104,Amoke
Orelope,Igboho Villages,212104,Apata Alaje
Orelope,Igboho Villages,212104,Asode
Orelope,Igboho Villages,212104,Ate
Orelope,Igboho Villages,212104,Baaru
Orelope,Igboho Villages,212104,Baba Aladura
Orelope,Igboho Villages,212104,Baba Ogudu
Orelope,Igboho Villages,212104,Baba Pupa Yaaye
Orelope,Igboho Villages,212104,Baba Sango
Orelope,Igboho Villages,212104,Budo Idoro
Orelope,Igboho Villages,212104,Budo Igbetti
Orelope,Igboho Villages,212104,Budo Ilorin
Orelope,Igboho Villages,212104,Budo Iya Wule
Orelope,Igboho Villages,212104,Budo Nla
Orelope,Igboho Villages,212104,Budo Olowo
Orelope,Igboho Villages,212104,Budo Otun
Orelope,Igboho Villages,212104,Budo Oyo
Orelope,Igboho Villages,212104,Budo Sika
Orelope,Igboho Villages,212104,Budo Sule
Orelope,Igboho Villages,212104,Dede
Orelope,Igboho Villages,212104,Dogo
Orelope,Igboho Villages,212104,Dongari
Orelope,Igboho Villages,212104,Eesomi
Orelope,Igboho Villages,212104,Eleja
Orelope,Igboho Villages,212104,Faruku
Orelope,Igboho Villages,212104,Fomu
Orelope,Igboho Villages,212104,Gaa Baba Pupa
Orelope,Igboho Villages,212104,Gaa Lagbanda
Orelope,Igboho Villages,212104,Gaa Lambuo
Orelope,Igboho Villages,212104,Gaa Musa Fulani
Orelope,Igboho Villages,212104,Gaa Peepee
Orelope,Igboho Villages,212104,Gaa Yellow
Orelope,Igboho Villages,212104,Gaa Yisa Fulani
Orelope,Igboho Villages,212104,Gbadegun
Orelope,Igboho Villages,212104,Gungumi
Orelope,Igboho Villages,212104,Igbonla
Orelope,Igboho Villages,212104,Jagun
Orelope,Igboho Villages,212104,Jegede
Orelope,Igboho Villages,212104,Kaabi
Orelope,Igboho Villages,212104,Kajola
Orelope,Igboho Villages,212104,Kansa
Orelope,Igboho Villages,212104,Kujifi
Orelope,Igboho Villages,212104,Kunbi
Orelope,Igboho Villages,212104,Lasebu
Orelope,Igboho Villages,212104,Loko
Orelope,Igboho Villages,212104,Lube
Orelope,Igboho Villages,212104,Odo Ogun
Orelope,Igboho Villages,212104,Odo Oloko
Orelope,Igboho Villages,212104,Odo Owo
Orelope,Igboho Villages,212104,Odujin
Orelope,Igboho Villages,212104,Ogbora
Orelope,Igboho Villages,212104,Ogun Agbede
Orelope,Igboho Villages,212104,Ogunniyi
Orelope,Igboho Villages,212104,Oke Aran
Orelope,Igboho Villages,212104,Oke Bukun
Orelope,Igboho Villages,212104,Ologede
Orelope,Igboho Villages,212104,Olomoba
Orelope,Igboho Villages,212104,Olose
Orelope,Igboho Villages,212104,Oluwoko
Orelope,Igboho Villages,212104,Onigbaa
Orelope,Igboho Villages,212104,Onile-Aro
Orelope,Igboho Villages,212104,Onipako
Orelope,Igboho Villages,212104,Onsile Oyo
Orelope,Igboho Villages,212104,Opoo
Orelope,Igboho Villages,212104,Ori Oke
Orelope,Igboho Villages,212104,Salu I
Orelope,Igboho Villages,212104,Salu II
Orelope,Igboho Villages,212104,Sooro
Orelope,Igboho Villages,212104,Yaaye Bunmi
Orelope,Igboho Villages,212104,Yewere
Ori-Ire,Ikoyi-Ile,210115,Abaja
Ori-Ire,Ikoyi-Ile,210115,Abeabaja
Ori-Ire,Ikoyi-Ile,210115,Acute
Ori-Ire,Ikoyi-Ile,210115,Afekulu
Ori-Ire,Ikoyi-Ile,210115,Afun
Ori-Ire,Ikoyi-Ile,210115,Afun Ile
Ori-Ire,Ikoyi-Ile,210115,Afun-Iju
Ori-Ire,Ikoyi-Ile,210115,Agbeni
Ori-Ire,Ikoyi-Ile,210115,Agidi
Ori-Ire,Ikoyi-Ile,210115,Ago Fulani
Ori-Ire,Ikoyi-Ile,210115,Aiyetoro
Ori-Ire,Ikoyi-Ile,210115,Ajegunle
Ori-Ire,Ikoyi-Ile,210115,Ajegunle Gbola
Ori-Ire,Ikoyi-Ile,210115,Ajibowu
Ori-Ire,Ikoyi-Ile,210115,Ajinopa
Ori-Ire,Ikoyi-Ile,210115,Akute
Ori-Ire,Ikoyi-Ile,210115,Aladie-Ile
Ori-Ire,Ikoyi-Ile,210115,Alagogo
Ori-Ire,Ikoyi-Ile,210115,Alapamowo
Ori-Ire,Ikoyi-Ile,210115,Alapere
Ori-Ire,Ikoyi-Ile,210115,Alatori
Ori-Ire,Ikoyi-Ile,210115,Alawodi
Ori-Ire,Ikoyi-Ile,210115,Alayan
Ori-Ire,Ikoyi-Ile,210115,Alfa Iwo
Ori-Ire,Ikoyi-Ile,210115,Alugbede
Ori-Ire,Ikoyi-Ile,210115,Aribaba
Ori-Ire,Ikoyi-Ile,210115,Arigidana
Ori-Ire,Ikoyi-Ile,210115,Arijo
Ori-Ire,Ikoyi-Ile,210115,Arungboogbin
Ori-Ire,Ikoyi-Ile,210115,Aselebe
Ori-Ire,Ikoyi-Ile,210115,Atunkumi
Ori-Ire,Ikoyi-Ile,210115,Baba Eko
Ori-Ire,Ikoyi-Ile,210115,Berekodo Dongari
Ori-Ire,Ikoyi-Ile,210115,Bootin
Ori-Ire,Ikoyi-Ile,210115,Budo Adu
Ori-Ire,Ikoyi-Ile,210115,Budo Akin
Ori-Ire,Ikoyi-Ile,210115,Budo Alade Atu
Ori-Ire,Ikoyi-Ile,210115,Budo Biyayin
Ori-Ire,Ikoyi-Ile,210115,Budo Igbo
Ori-Ire,Ikoyi-Ile,210115,Budo Musa
Ori-Ire,Ikoyi-Ile,210115,Budo Ode
Ori-Ire,Ikoyi-Ile,210115,Budo Ode Ajado
Ori-Ire,Ikoyi-Ile,210115,Dogo Oke
Ori-Ire,Ikoyi-Ile,210115,Egbejoda
Ori-Ire,Ikoyi-Ile,210115,Elebe
Ori-Ire,Ikoyi-Ile,210115,Elebenla
Ori-Ire,Ikoyi-Ile,210115,Elega
Ori-Ire,Ikoyi-Ile,210115,Elekulu
Ori-Ire,Ikoyi-Ile,210115,Elelu
Ori-Ire,Ikoyi-Ile,210115,Elemibo
Ori-Ire,Ikoyi-Ile,210115,Elerufila Ile
Ori-Ire,Ikoyi-Ile,210115,Elewure
Ori-Ire,Ikoyi-Ile,210115,Fowomole
Ori-Ire,Ikoyi-Ile,210115,Gaa Ahingba
Ori-Ire,Ikoyi-Ile,210115,Gani Iju
Ori-Ire,Ikoyi-Ile,210115,Gani Oja
Ori-Ire,Ikoyi-Ile,210115,Gote
Ori-Ire,Ikoyi-Ile,210115,Ibadi Ori
Ori-Ire,Ikoyi-Ile,210115,Idi Apa
Ori-Ire,Ikoyi-Ile,210115,Idi Eji
Ori-Ire,Ikoyi-Ile,210115,Idi Emi
Ori-Ire,Ikoyi-Ile,210115,Igbo Elemi
Ori-Ire,Ikoyi-Ile,210115,Igbo Kekere
Ori-Ire,Ikoyi-Ile,210115,Igbo Onito
Ori-Ire,Ikoyi-Ile,210115,Igbo-Eleru
Ori-Ire,Ikoyi-Ile,210115,Igboayin
Ori-Ire,Ikoyi-Ile,210115,Igbona
Ori-Ire,Ikoyi-Ile,210115,Igbori Ile
Ori-Ire,Ikoyi-Ile,210115,Igboroko
Ori-Ire,Ikoyi-Ile,210115,Ijana Yeye
Ori-Ire,Ikoyi-Ile,210115,Ilutitun
Ori-Ire,Ikoyi-Ile,210115,Ipata Oguri
Ori-Ire,Ikoyi-Ile,210115,Jegede
Ori-Ire,Ikoyi-Ile,210115,Keredolu
Ori-Ire,Ikoyi-Ile,210115,Ketere
Ori-Ire,Ikoyi-Ile,210115,Ketu
Ori-Ire,Ikoyi-Ile,210115,Kojete
Ori-Ire,Ikoyi-Ile,210115,Lahese
Ori-Ire,Ikoyi-Ile,210115,Mesunmoje
Ori-Ire,Ikoyi-Ile,210115,Mosadi Olorun
Ori-Ire,Ikoyi-Ile,210115,Mosumoje
Ori-Ire,Ikoyi-Ile,210115,Odesanwo
Ori-Ire,Ikoyi-Ile,210115,Ojatitun
Ori-Ire,Ikoyi-Ile,210115,Oke Bola
Ori-Ire,Ikoyi-Ile,210115,Okodudu
Ori-Ire,Ikoyi-Ile,210115,Olodan
Ori-Ire,Ikoyi-Ile,210115,Oloje
Ori-Ire,Ikoyi-Ile,210115,Olokiti
Ori-Ire,Ikoyi-Ile,210115,Olokoto-Iju
Ori-Ire,Ikoyi-Ile,210115,Olomopupo
Ori-Ire,Ikoyi-Ile,210115,Olopoto
Ori-Ire,Ikoyi-Ile,210115,Olorulekan
Ori-Ire,Ikoyi-Ile,210115,Olowo Iju
Ori-Ire,Ikoyi-Ile,210115,Olowo Oko Boro
Ori-Ire,Ikoyi-Ile,210115,Olugbejo
Ori-Ire,Ikoyi-Ile,210115,Omidoyin
Ori-Ire,Ikoyi-Ile,210115,Omo Erin
Ori-Ire,Ikoyi-Ile,210115,Onigarawa
Ori-Ire,Ikoyi-Ile,210115,Onigba
Ori-Ire,Ikoyi-Ile,210115,Onigbin
Ori-Ire,Ikoyi-Ile,210115,Oniguguru
Ori-Ire,Ikoyi-Ile,210115,Onikaraun
Ori-Ire,Ikoyi-Ile,210115,Onikolobo
Ori-Ire,Ikoyi-Ile,210115,Onilali
Ori-Ire,Ikoyi-Ile,210115,Onimangoro
Ori-Ire,Ikoyi-Ile,210115,Ori Okuta
Ori-Ire,Ikoyi-Ile,210115,Osarokun
Ori-Ire,Ikoyi-Ile,210115,Osowuelegan
Ori-Ire,Ikoyi-Ile,210115,Saako
Ori-Ire,Ikoyi-Ile,210115,Sarayi
Ori-Ire,Ikoyi-Ile,210115,Somodero
Ori-Ire,Ikoyi-Ile,210115,Tewure Iju
Ori-Ire,Ikoyi-Ile,210115,Tewure Ile
Ori-Ire,Ikoyi-Ile,210115,Wusa
Ori-Ire,Ikoyi-Ile,210115,Yakoyo
Ori-Ire,Oolo,210116,Aba-Oba
Ori-Ire,Oolo,210116,Aba-Oyo
Ori-Ire,Oolo,210116,Abikehin
Ori-Ire,Oolo,210116,Adesehin
Ori-Ire,Oolo,210116,Agbalesun
Ori-Ire,Oolo,210116,Agbelepo
Ori-Ire,Oolo,210116,Ahere-Abata
Ori-Ire,Oolo,210116,Ahoro Esinele Ogbomoso
Ori-Ire,Oolo,210116,Ahoro Oko
Ori-Ire,Oolo,210116,Ajombadi-Idiayin
Ori-Ire,Oolo,210116,Alabidun
Ori-Ire,Oolo,210116,Alagbayun
Ori-Ire,Oolo,210116,Alagbede-Faji
Ori-Ire,Oolo,210116,Alahusa
Ori-Ire,Oolo,210116,Alakasu
Ori-Ire,Oolo,210116,Alamola
Ori-Ire,Oolo,210116,Alaropo Kekere
Ori-Ire,Oolo,210116,Alokomanro
Ori-Ire,Oolo,210116,Arohunpe
Ori-Ire,Oolo,210116,Awaye
Ori-Ire,Oolo,210116,Aweran Kale
Ori-Ire,Oolo,210116,Baba Sale
Ori-Ire,Oolo,210116,Balosa
Ori-Ire,Oolo,210116,Bosa
Ori-Ire,Oolo,210116,Bosunla
Ori-Ire,Oolo,210116,Dananu
Ori-Ire,Oolo,210116,Elegungun
Ori-Ire,Oolo,210116,Elesu Adeosun
Ori-Ire,Oolo,210116,Emi Abata
Ori-Ire,Oolo,210116,Gbemiro
Ori-Ire,Oolo,210116,Idi Emi
Ori-Ire,Oolo,210116,Idiamu
Ori-Ire,Oolo,210116,Igbo Alaye
Ori-Ire,Oolo,210116,Ikolaba
Ori-Ire,Oolo,210116,Ilekunkun
Ori-Ire,Oolo,210116,Ipeba
Ori-Ire,Oolo,210116,Isale-Oba
Ori-Ire,Oolo,210116,Itamaya
Ori-Ire,Oolo,210116,Koro
Ori-Ire,Oolo,210116,Lapalapa
Ori-Ire,Oolo,210116,Moleyo
Ori-Ire,Oolo,210116,Mosunmade
Ori-Ire,Oolo,210116,Moyin Moyin
Ori-Ire,Oolo,210116,Odogbo
Ori-Ire,Oolo,210116,Ogunniran
Ori-Ire,Oolo,210116,Ojelabi
Ori-Ire,Oolo,210116,Oke-Are
Ori-Ire,Oolo,210116,Oke-Awoni
Ori-Ire,Oolo,210116,Oke-Oba
Ori-Ire,Oolo,210116,Okedoyin
Ori-Ire,Oolo,210116,Okesubu
Ori-Ire,Oolo,210116,Olojiji
Ori-Ire,Oolo,210116,Olokemeji
Ori-Ire,Oolo,210116,Olokiti
Ori-Ire,Oolo,210116,Olomoleyin
Ori-Ire,Oolo,210116,Olugbile
Ori-Ire,Oolo,210116,Onalemole
Ori-Ire,Oolo,210116,Onisakada
Ori-Ire,Oolo,210116,Oolo and Villages
Ori-Ire,Oolo,210116,Opeola
Ori-Ire,Oolo,210116,Samo
Ori-Ire,Oolo,210116,Sorotan
Ori-Ire,Oolo,210116,Tapa
Ori-Ire,Oolo,210116,Yawuyi
Oyo-East,Kosobo,211241,Agboye-Molete
Oyo-East,Kosobo,211241,Ajagba
Oyo-East,Kosobo,211241,Alaodi
Oyo-East,Kosobo,211241,Modeke
Oyo-East,Kosobo,211241,Apaara
Oyo-East,Kosobo,211241,Apinni
Oyo-East,Kosobo,211241,Jabata
Oyo-East,Kosobo,211241,Oke Apo
Oyo-East,Kosobo,211241,Oluajo
Oyo-East,Kosobo,211241,Owode-Araromi
Oyo-West,Oyo Rural,211101,Oyo Villages
Saki-East,Agbonle,203108,Aba Alade
Saki-East,Agbonle,203108,Aba Daniel
Saki-East,Agbonle,203108,Aba Dika
Saki-East,Agbonle,203108,Aba Ilero
Saki-East,Agbonle,203108,Aba Kutuwenji
Saki-East,Agbonle,203108,Aba Laisi
Saki-East,Agbonle,203108,Aba Panu
Saki-East,Agbonle,203108,Aba Sango
Saki-East,Agbonle,203108,Aba Sidi
Saki-East,Agbonle,203108,Abakoko
Saki-East,Agbonle,203108,Adekoroku
Saki-East,Agbonle,203108,Adeseun
Saki-East,Agbonle,203108,Agbokeke
Saki-East,Agbonle,203108,Agbokele
Saki-East,Agbonle,203108,Agbonle
Saki-East,Agbonle,203108,Agunla
Saki-East,Agbonle,203108,Alajuba
Saki-East,Agbonle,203108,Alasan
Saki-East,Agbonle,203108,Amukooko
Saki-East,Agbonle,203108,Apata
Saki-East,Agbonle,203108,Arikewuyo
Saki-East,Agbonle,203108,Aromole
Saki-East,Agbonle,203108,Babadele
Saki-East,Agbonle,203108,Bole
Saki-East,Agbonle,203108,Budo Apata
Saki-East,Agbonle,203108,Budo Ayedun
Saki-East,Agbonle,203108,Budo Lorin
Saki-East,Agbonle,203108,Dogo
Saki-East,Agbonle,203108,Egede
Saki-East,Agbonle,203108,Egunla
Saki-East,Agbonle,203108,Elepo
Saki-East,Agbonle,203108,Igbo Eleni
Saki-East,Agbonle,203108,Ijana
Saki-East,Agbonle,203108,Ikoko
Saki-East,Agbonle,203108,Ilado
Saki-East,Agbonle,203108,Kajola
Saki-East,Agbonle,203108,Kebiewu
Saki-East,Agbonle,203108,Laimo
Saki-East,Agbonle,203108,Laniyan
Saki-East,Agbonle,203108,Musa
Saki-East,Agbonle,203108,Odo Oba
Saki-East,Agbonle,203108,Oja Iya
Saki-East,Agbonle,203108,Okutalogun
Saki-East,Agbonle,203108,Olojola
Saki-East,Agbonle,203108,Olomometa
Saki-East,Agbonle,203108,Olugbemi
Saki-East,Agbonle,203108,Onikanga
Saki-East,Agbonle,203108,Onikosa
Saki-East,Agbonle,203108,Onise Oyo
Saki-East,Agbonle,203108,Osoko
Saki-East,Agbonle,203108,Saafu
Saki-East,Agbonle,203108,Saaka
Saki-East,Agbonle,203108,Yie
Saki-East,Ago Amodu,203103,Aba Obi
Saki-East,Ago Amodu,203103,Abuja
Saki-East,Ago Amodu,203103,Adaku
Saki-East,Ago Amodu,203103,Adeaga
Saki-East,Ago Amodu,203103,Adeduntan
Saki-East,Ago Amodu,203103,Agbagba
Saki-East,Ago Amodu,203103,Ago Amodu
Saki-East,Ago Amodu,203103,Ajaku
Saki-East,Ago Amodu,203103,Alade
Saki-East,Ago Amodu,203103,Aladura
Saki-East,Ago Amodu,203103,Alakuko
Saki-East,Ago Amodu,203103,Alesinloye
Saki-East,Ago Amodu,203103,Apata
Saki-East,Ago Amodu,203103,Apo
Saki-East,Ago Amodu,203103,Arogede
Saki-East,Ago Amodu,203103,Bada
Saki-East,Ago Amodu,203103,Balelayo
Saki-East,Ago Amodu,203103,Balogun
Saki-East,Ago Amodu,203103,Erin
Saki-East,Ago Amodu,203103,Ga Akani
Saki-East,Ago Amodu,203103,Ga Amuda
Saki-East,Ago Amodu,203103,Ikeeja
Saki-East,Ago Amodu,203103,Ipade
Saki-East,Ago Amodu,203103,Joseph
Saki-East,Ago Amodu,203103,Jowuro
Saki-East,Ago Amodu,203103,Koko
Saki-East,Ago Amodu,203103,Lukutu
Saki-East,Ago Amodu,203103,Makudi
Saki-East,Ago Amodu,203103,Mangoro
Saki-East,Ago Amodu,203103,Mayegun
Saki-East,Ago Amodu,203103,Ogunlere
Saki-East,Ago Amodu,203103,Old Oyo National Park
Saki-East,Ago Amodu,203103,Ololu
Saki-East,Ago Amodu,203103,Paanu
Saki-East,Ago Amodu,203103,Pele
Saki-East,Ago Amodu,203103,Sando
Saki-East,Ago Amodu,203103,Sango
Saki-East,Ago Amodu,203103,Tupuru
Saki-East,Ogoro,203107,Afa
Saki-East,Ogoro,203107,Ago
Saki-East,Ogoro,203107,Ajandoku
Saki-East,Ogoro,203107,Aketepe
Saki-East,Ogoro,203107,Alakia
Saki-East,Ogoro,203107,Alapo
Saki-East,Ogoro,203107,Alfa
Saki-East,Ogoro,203107,Amutiti
Saki-East,Ogoro,203107,Baba Abudu
Saki-East,Ogoro,203107,Basiru
Saki-East,Ogoro,203107,Budo Gomina
Saki-East,Ogoro,203107,Budo Kudoro
Saki-East,Ogoro,203107,Budo Nla
Saki-East,Ogoro,203107,Budo-Dele
Saki-East,Ogoro,203107,Elera
Saki-East,Ogoro,203107,Ikolaba
Saki-East,Ogoro,203107,Komi
Saki-East,Ogoro,203107,Kota I
Saki-East,Ogoro,203107,Kota II
Saki-East,Ogoro,203107,Lati
Saki-East,Ogoro,203107,Layipapa
Saki-East,Ogoro,203107,Makudi
Saki-East,Ogoro,203107,Mofowure
Saki-East,Ogoro,203107,Mogaji
Saki-East,Ogoro,203107,Mojidi
Saki-East,Ogoro,203107,Ogboro
Saki-East,Ogoro,203107,Oge
Saki-East,Ogoro,203107,Ojumokan
Saki-East,Ogoro,203107,Olosekan
Saki-East,Ogoro,203107,Paul
Saki-East,Ogoro,203107,Pius Simoni
Saki-East,Ogoro,203107,Sabata
Saki-East,Ogoro,203107,Sala
Saki-East,Ogoro,203107,Samari
Saki-East,Ogoro,203107,Yawale
Saki-East,Ogoro,203107,Yikiyiki
Saki-East,Ogoro,203107,Zakare
Saki-East,Oje-Owode,203109,Abu
Saki-East,Oje-Owode,203109,Afa
Saki-East,Oje-Owode,203109,Alade
Saki-East,Oje-Owode,203109,Alapata
Saki-East,Oje-Owode,203109,Alasan
Saki-East,Oje-Owode,203109,Budo Bank
Saki-East,Oje-Owode,203109,Budo musa
Saki-East,Oje-Owode,203109,Egede
Saki-East,Oje-Owode,203109,Erinoti
Saki-East,Oje-Owode,203109,Ga
Saki-East,Oje-Owode,203109,Ga Adamu
Saki-East,Oje-Owode,203109,Ga Ake
Saki-East,Oje-Owode,203109,Ga Oke-Owu
Saki-East,Oje-Owode,203109,Ibilekan
Saki-East,Oje-Owode,203109,Maye
Saki-East,Oje-Owode,203109,Oje owode
Saki-East,Oje-Owode,203109,Tiv
Saki-East,Oje-Owode,203109,Yakuata
Saki-East,Sepeteri,203102,Aba Dodo
Saki-East,Sepeteri,203102,Aba Nla
Saki-East,Sepeteri,203102,Adamu
Saki-East,Sepeteri,203102,Agbago
Saki-East,Sepeteri,203102,Agbedegun
Saki-East,Sepeteri,203102,Aho
Saki-East,Sepeteri,203102,Ajiromi
Saki-East,Sepeteri,203102,Ajirowo
Saki-East,Sepeteri,203102,Alapata
Saki-East,Sepeteri,203102,Aloba
Saki-East,Sepeteri,203102,Alota
Saki-East,Sepeteri,203102,Amolese
Saki-East,Sepeteri,203102,Awolere
Saki-East,Sepeteri,203102,Baba Ajoke
Saki-East,Sepeteri,203102,Baba Ijesa
Saki-East,Sepeteri,203102,Baba Ilorin
Saki-East,Sepeteri,203102,Bada
Saki-East,Sepeteri,203102,Bada Beji Makudi
Saki-East,Sepeteri,203102,Bado Monmo
Saki-East,Sepeteri,203102,Budo Akeem
Saki-East,Sepeteri,203102,Budo Akewe
Saki-East,Sepeteri,203102,Budo Karimu
Saki-East,Sepeteri,203102,Budo Monday
Saki-East,Sepeteri,203102,Dansafi
Saki-East,Sepeteri,203102,Disu
Saki-East,Sepeteri,203102,Egede
Saki-East,Sepeteri,203102,Eleja
Saki-East,Sepeteri,203102,Elepo
Saki-East,Sepeteri,203102,Godi
Saki-East,Sepeteri,203102,Ikupola
Saki-East,Sepeteri,203102,Imodi
Saki-East,Sepeteri,203102,Iworu
Saki-East,Sepeteri,203102,Iyake
Saki-East,Sepeteri,203102,James
Saki-East,Sepeteri,203102,Kanga
Saki-East,Sepeteri,203102,Kewu-lere
Saki-East,Sepeteri,203102,Kosobo
Saki-East,Sepeteri,203102,Kujifi
Saki-East,Sepeteri,203102,Mathew
Saki-East,Sepeteri,203102,Ode Ajayi
Saki-East,Sepeteri,203102,Odo-Owo
Saki-East,Sepeteri,203102,Odogodo
Saki-East,Sepeteri,203102,Ogunsipe
Saki-East,Sepeteri,203102,Oke Odo
Saki-East,Sepeteri,203102,Onikosa
Saki-East,Sepeteri,203102,Onisile
Saki-East,Sepeteri,203102,Peter
Saki-East,Sepeteri,203102,Sepeteri
Saki-East,Sepeteri,203102,Soho
Saki-East,Sepeteri,203102,Sule
Saki-East,Sepeteri,203102,Tankari
Saki-East,Sepeteri,203102,Temidire
Saki-East,Sepeteri,203102,Welewele
Saki-East,Sepeteri,203102,Yakubu
Saki-East,Sepeteri,203102,Yellow Egede
Saki-West,Saki/Ekokan,203101,Aba Ilero
Saki-West,Saki/Ekokan,203101,Aba Iseyin
Saki-West,Saki/Ekokan,203101,Aba Ogbomosho
Saki-West,Saki/Ekokan,203101,Aba Seele
Saki-West,Saki/Ekokan,203101,Abatade
Saki-West,Saki/Ekokan,203101,Abawaye
Saki-West,Saki/Ekokan,203101,Agbele
Saki-West,Saki/Ekokan,203101,Ago Oluwabi
Saki-West,Saki/Ekokan,203101,Agunloye
Saki-West,Saki/Ekokan,203101,Aroje
Saki-West,Saki/Ekokan,203101,Asabari
Saki-West,Saki/Ekokan,203101,Ataye
Saki-West,Saki/Ekokan,203101,Barrack
Saki-West,Saki/Ekokan,203101,Bodilu
Saki-West,Saki/Ekokan,203101,Budo Eniola
Saki-West,Saki/Ekokan,203101,Budo Ige
Saki-West,Saki/Ekokan,203101,Ekokan
Saki-West,Saki/Ekokan,203101,Gaa Dogo
Saki-West,Saki/Ekokan,203101,Gbeponkan Oja
Saki-West,Saki/Ekokan,203101,Idera
Saki-West,Saki/Ekokan,203101,Idi Apa
Saki-West,Saki/Ekokan,203101,Idi Ayin
Saki-West,Saki/Ekokan,203101,Igaa Iyere
Saki-West,Saki/Ekokan,203101,Igbo Irawo
Saki-West,Saki/Ekokan,203101,Igbo Ologun
Saki-West,Saki/Ekokan,203101,Igbo Olosan
Saki-West,Saki/Ekokan,203101,Ilabo
Saki-West,Saki/Ekokan,203101,Ilua
Saki-West,Saki/Ekokan,203101,Kaje
Saki-West,Saki/Ekokan,203101,Kogijo
Saki-West,Saki/Ekokan,203101,Koomi
Saki-West,Saki/Ekokan,203101,Mojo
Saki-West,Saki/Ekokan,203101,Mua
Saki-West,Saki/Ekokan,203101,Oge
Saki-West,Saki/Ekokan,203101,Olomitutu
Saki-West,Saki/Ekokan,203101,Onigbongbo
Saki-West,Saki/Ekokan,203101,Orita Ogunmola
Saki-West,Saki/Ekokan,203101,Owode
Saki-West,Saki/Ekokan,203101,Saki Township
Saki-West,Saki/Ekokan,203101,Sanmisala
Saki-West,Saki/Ekokan,203101,Sekona
Saki-West,Saki/Ekokan,203101,Tagiri
Saki-West,Saki/Ekokan,203101,Tenleke
Saki-West,Saki/Ekokan,203101,Wasangere
Surulere,Gambari/Baya,210105,Aba Kae
Surulere,Gambari/Baya,210105,Abewo
Surulere,Gambari/Baya,210105,Abogunde
Surulere,Gambari/Baya,210105,Abuduka
Surulere,Gambari/Baya,210105,Ajase
Surulere,Gambari/Baya,210105,Alate
Surulere,Gambari/Baya,210105,Aresejowi
Surulere,Gambari/Baya,210105,Asileke
Surulere,Gambari/Baya,210105,Baya Oje
Surulere,Gambari/Baya,210105,Biro
Surulere,Gambari/Baya,210105,Egbeda
Surulere,Gambari/Baya,210105,Gambari
Surulere,Gambari/Baya,210105,Gbede
Surulere,Gambari/Baya,210105,Igbon
Surulere,Gambari/Baya,210105,Iyelu
Surulere,Gambari/Baya,210105,Jabata
Surulere,Gambari/Baya,210105,Kangi
Surulere,Gambari/Baya,210105,Mumuni
Surulere,Gambari/Baya,210105,Olooye
Surulere,Gambari/Baya,210105,Oloya
Surulere,Gambari/Baya,210105,Paasi
Surulere,Gambari/Baya,210105,Patiko Oloya
Surulere,Iresadu / Arolu,210102,Adudu
Surulere,Iresadu / Arolu,210102,Aganyan
Surulere,Iresadu / Arolu,210102,Alagbede
Surulere,Iresadu / Arolu,210102,Alayin-Elebekebe
Surulere,Iresadu / Arolu,210102,Arolu
Surulere,Iresadu / Arolu,210102,Ayetoro
Surulere,Iresadu / Arolu,210102,Baasa
Surulere,Iresadu / Arolu,210102,Baba Egbe
Surulere,Iresadu / Arolu,210102,Elesinmeta
Surulere,Iresadu / Arolu,210102,Fasina
Surulere,Iresadu / Arolu,210102,Gbena
Surulere,Iresadu / Arolu,210102,Idi Opele
Surulere,Iresadu / Arolu,210102,Idi oro
Surulere,Iresadu / Arolu,210102,Idi-ori
Surulere,Iresadu / Arolu,210102,Igboile
Surulere,Iresadu / Arolu,210102,Ikle Odu
Surulere,Iresadu / Arolu,210102,Ikunsin
Surulere,Iresadu / Arolu,210102,Ilosin
Surulere,Iresadu / Arolu,210102,Iranyin
Surulere,Iresadu / Arolu,210102,Iregba
Surulere,Iresadu / Arolu,210102,Iregba Bankole
Surulere,Iresadu / Arolu,210102,Iresaapa
Surulere,Iresadu / Arolu,210102,Iresadu
Surulere,Iresadu / Arolu,210102,Kulodi
Surulere,Iresadu / Arolu,210102,Labanju
Surulere,Iresadu / Arolu,210102,Labode
Surulere,Iresadu / Arolu,210102,Lekewogbe
Surulere,Iresadu / Arolu,210102,Maya
Surulere,Iresadu / Arolu,210102,Ogala
Surulere,Iresadu / Arolu,210102,Ojo
Surulere,Iresadu / Arolu,210102,Okiti
Surulere,Iresadu / Arolu,210102,Olowosoke
Surulere,Iresadu / Arolu,210102,Olukosi
Surulere,Iresadu / Arolu,210102,Omonijuku
Surulere,Iresadu / Arolu,210102,Pooro
Surulere,Iresadu / Arolu,210102,Sadiwin
Surulere,Iresadu / Arolu,210102,Sapati
Surulere,Iresadu / Arolu,210102,Yakoyo
Surulere,Iwofin,210104,Aba Araoye
Surulere,Iwofin,210104,Ajegunle
Surulere,Iwofin,210104,Alayin
Surulere,Iwofin,210104,Bagbaji
Surulere,Iwofin,210104,Budo Oni Eran
Surulere,Iwofin,210104,Igbo-Ile
Surulere,Iwofin,210104,Iwofin
Surulere,Iwofin,210104,Oke-Asaa
Surulere,Iwofin,210104,Olorombo
Surulere,Iwofin,210104,Onisa
Surulere,Iwofin,210104,Oniyeya
Surulere,Iwofin,210104,Opatoyin
Surulere,Iwofin,210104,Owode
Surulere,Iwofin,210104,Temidire
Surulere,Oko,210103,Aagba Ijado
Surulere,Oko,210103,Ajagunsi
Surulere,Oko,210103,Aserawo
Surulere,Oko,210103,Bale Oba
Surulere,Oko,210103,Ebila-Temidire
Surulere,Oko,210103,Ikolo
Surulere,Oko,210103,Ilajue
Surulere,Oko,210103,Ilogbo
Surulere,Oko,210103,Ipasa
Surulere,Oko,210103,Iware
Surulere,Oko,210103,Laege
Surulere,Oko,210103,Mayin
Surulere,Oko,210103,Mumi
Surulere,Oko,210103,Odanbon-Adare
Surulere,Oko,210103,Ogede
Surulere,Oko,210103,Oko
Surulere,Oko,210103,Okolo
Surulere,Oko,210103,Onikeke
Surulere,Oko,210103,Oosu
Surulere,Oko,210103,Origi
Surulere,Oko,210103,Owoaso
Surulere,Oko,210103,Panda
